source,target,type,position,start_date,salary_band
person_0,company_0,WORKS_FOR,Engineer,2020-01-01,Band_1
person_1,company_1,WORKS_FOR,Manager,2020-02-01,Band_2
person_2,company_2,WORKS_FOR,Director,2020-03-01,Band_3
person_3,company_3,WORKS_FOR,Analyst,2020-04-01,Band_4
person_4,company_4,WORKS_FOR,Coordinator,2020-05-01,Band_5
person_5,company_5,WORKS_FOR,Engineer,2020-06-01,Band_1
person_6,company_6,WORKS_FOR,Manager,2020-07-01,Band_2
person_7,company_7,WORKS_FOR,Director,2020-08-01,Band_3
person_8,company_8,WORKS_FOR,Analyst,2020-09-01,Band_4
person_9,company_9,WORKS_FOR,Coordinator,2020-10-01,Band_5
person_10,company_10,WORKS_FOR,Engineer,2020-11-01,Band_1
person_11,company_11,WORKS_FOR,Manager,2020-12-01,Band_2
person_12,company_12,WORKS_FOR,Director,2020-01-01,Band_3
person_13,company_13,WORKS_FOR,Analyst,2020-02-01,Band_4
person_14,company_14,WORKS_FOR,Coordinator,2020-03-01,Band_5
person_15,company_15,WORKS_FOR,Engineer,2020-04-01,Band_1
person_16,company_16,WORKS_FOR,Manager,2020-05-01,Band_2
person_17,company_17,WORKS_FOR,Director,2020-06-01,Band_3
person_18,company_18,WORKS_FOR,Analyst,2020-07-01,Band_4
person_19,company_19,WORKS_FOR,Coordinator,2020-08-01,Band_5
person_20,company_20,WORKS_FOR,Engineer,2020-09-01,Band_1
person_21,company_21,WORKS_FOR,Manager,2020-10-01,Band_2
person_22,company_22,WORKS_FOR,Director,2020-11-01,Band_3
person_23,company_23,WORKS_FOR,Analyst,2020-12-01,Band_4
person_24,company_24,WORKS_FOR,Coordinator,2020-01-01,Band_5
person_25,company_25,WORKS_FOR,Engineer,2020-02-01,Band_1
person_26,company_26,WORKS_FOR,Manager,2020-03-01,Band_2
person_27,company_27,WORKS_FOR,Director,2020-04-01,Band_3
person_28,company_28,WORKS_FOR,Analyst,2020-05-01,Band_4
person_29,company_29,WORKS_FOR,Coordinator,2020-06-01,Band_5
person_30,company_30,WORKS_FOR,Engineer,2020-07-01,Band_1
person_31,company_31,WORKS_FOR,Manager,2020-08-01,Band_2
person_32,company_32,WORKS_FOR,Director,2020-09-01,Band_3
person_33,company_33,WORKS_FOR,Analyst,2020-10-01,Band_4
person_34,company_34,WORKS_FOR,Coordinator,2020-11-01,Band_5
person_35,company_35,WORKS_FOR,Engineer,2020-12-01,Band_1
person_36,company_36,WORKS_FOR,Manager,2020-01-01,Band_2
person_37,company_37,WORKS_FOR,Director,2020-02-01,Band_3
person_38,company_38,WORKS_FOR,Analyst,2020-03-01,Band_4
person_39,company_39,WORKS_FOR,Coordinator,2020-04-01,Band_5
person_40,company_40,WORKS_FOR,Engineer,2020-05-01,Band_1
person_41,company_41,WORKS_FOR,Manager,2020-06-01,Band_2
person_42,company_42,WORKS_FOR,Director,2020-07-01,Band_3
person_43,company_43,WORKS_FOR,Analyst,2020-08-01,Band_4
person_44,company_44,WORKS_FOR,Coordinator,2020-09-01,Band_5
person_45,company_45,WORKS_FOR,Engineer,2020-10-01,Band_1
person_46,company_46,WORKS_FOR,Manager,2020-11-01,Band_2
person_47,company_47,WORKS_FOR,Director,2020-12-01,Band_3
person_48,company_48,WORKS_FOR,Analyst,2020-01-01,Band_4
person_49,company_49,WORKS_FOR,Coordinator,2020-02-01,Band_5
person_50,company_50,WORKS_FOR,Engineer,2020-03-01,Band_1
person_51,company_51,WORKS_FOR,Manager,2020-04-01,Band_2
person_52,company_52,WORKS_FOR,Director,2020-05-01,Band_3
person_53,company_53,WORKS_FOR,Analyst,2020-06-01,Band_4
person_54,company_54,WORKS_FOR,Coordinator,2020-07-01,Band_5
person_55,company_55,WORKS_FOR,Engineer,2020-08-01,Band_1
person_56,company_56,WORKS_FOR,Manager,2020-09-01,Band_2
person_57,company_57,WORKS_FOR,Director,2020-10-01,Band_3
person_58,company_58,WORKS_FOR,Analyst,2020-11-01,Band_4
person_59,company_59,WORKS_FOR,Coordinator,2020-12-01,Band_5
person_60,company_60,WORKS_FOR,Engineer,2020-01-01,Band_1
person_61,company_61,WORKS_FOR,Manager,2020-02-01,Band_2
person_62,company_62,WORKS_FOR,Director,2020-03-01,Band_3
person_63,company_63,WORKS_FOR,Analyst,2020-04-01,Band_4
person_64,company_64,WORKS_FOR,Coordinator,2020-05-01,Band_5
person_65,company_65,WORKS_FOR,Engineer,2020-06-01,Band_1
person_66,company_66,WORKS_FOR,Manager,2020-07-01,Band_2
person_67,company_67,WORKS_FOR,Director,2020-08-01,Band_3
person_68,company_68,WORKS_FOR,Analyst,2020-09-01,Band_4
person_69,company_69,WORKS_FOR,Coordinator,2020-10-01,Band_5
person_70,company_70,WORKS_FOR,Engineer,2020-11-01,Band_1
person_71,company_71,WORKS_FOR,Manager,2020-12-01,Band_2
person_72,company_72,WORKS_FOR,Director,2020-01-01,Band_3
person_73,company_73,WORKS_FOR,Analyst,2020-02-01,Band_4
person_74,company_74,WORKS_FOR,Coordinator,2020-03-01,Band_5
person_75,company_75,WORKS_FOR,Engineer,2020-04-01,Band_1
person_76,company_76,WORKS_FOR,Manager,2020-05-01,Band_2
person_77,company_77,WORKS_FOR,Director,2020-06-01,Band_3
person_78,company_78,WORKS_FOR,Analyst,2020-07-01,Band_4
person_79,company_79,WORKS_FOR,Coordinator,2020-08-01,Band_5
person_80,company_80,WORKS_FOR,Engineer,2020-09-01,Band_1
person_81,company_81,WORKS_FOR,Manager,2020-10-01,Band_2
person_82,company_82,WORKS_FOR,Director,2020-11-01,Band_3
person_83,company_83,WORKS_FOR,Analyst,2020-12-01,Band_4
person_84,company_84,WORKS_FOR,Coordinator,2020-01-01,Band_5
person_85,company_85,WORKS_FOR,Engineer,2020-02-01,Band_1
person_86,company_86,WORKS_FOR,Manager,2020-03-01,Band_2
person_87,company_87,WORKS_FOR,Director,2020-04-01,Band_3
person_88,company_88,WORKS_FOR,Analyst,2020-05-01,Band_4
person_89,company_89,WORKS_FOR,Coordinator,2020-06-01,Band_5
person_90,company_90,WORKS_FOR,Engineer,2020-07-01,Band_1
person_91,company_91,WORKS_FOR,Manager,2020-08-01,Band_2
person_92,company_92,WORKS_FOR,Director,2020-09-01,Band_3
person_93,company_93,WORKS_FOR,Analyst,2020-10-01,Band_4
person_94,company_94,WORKS_FOR,Coordinator,2020-11-01,Band_5
person_95,company_95,WORKS_FOR,Engineer,2020-12-01,Band_1
person_96,company_96,WORKS_FOR,Manager,2020-01-01,Band_2
person_97,company_97,WORKS_FOR,Director,2020-02-01,Band_3
person_98,company_98,WORKS_FOR,Analyst,2020-03-01,Band_4
person_99,company_99,WORKS_FOR,Coordinator,2020-04-01,Band_5
person_100,company_0,WORKS_FOR,Engineer,2020-05-01,Band_1
person_101,company_1,WORKS_FOR,Manager,2020-06-01,Band_2
person_102,company_2,WORKS_FOR,Director,2020-07-01,Band_3
person_103,company_3,WORKS_FOR,Analyst,2020-08-01,Band_4
person_104,company_4,WORKS_FOR,Coordinator,2020-09-01,Band_5
person_105,company_5,WORKS_FOR,Engineer,2020-10-01,Band_1
person_106,company_6,WORKS_FOR,Manager,2020-11-01,Band_2
person_107,company_7,WORKS_FOR,Director,2020-12-01,Band_3
person_108,company_8,WORKS_FOR,Analyst,2020-01-01,Band_4
person_109,company_9,WORKS_FOR,Coordinator,2020-02-01,Band_5
person_110,company_10,WORKS_FOR,Engineer,2020-03-01,Band_1
person_111,company_11,WORKS_FOR,Manager,2020-04-01,Band_2
person_112,company_12,WORKS_FOR,Director,2020-05-01,Band_3
person_113,company_13,WORKS_FOR,Analyst,2020-06-01,Band_4
person_114,company_14,WORKS_FOR,Coordinator,2020-07-01,Band_5
person_115,company_15,WORKS_FOR,Engineer,2020-08-01,Band_1
person_116,company_16,WORKS_FOR,Manager,2020-09-01,Band_2
person_117,company_17,WORKS_FOR,Director,2020-10-01,Band_3
person_118,company_18,WORKS_FOR,Analyst,2020-11-01,Band_4
person_119,company_19,WORKS_FOR,Coordinator,2020-12-01,Band_5
person_120,company_20,WORKS_FOR,Engineer,2020-01-01,Band_1
person_121,company_21,WORKS_FOR,Manager,2020-02-01,Band_2
person_122,company_22,WORKS_FOR,Director,2020-03-01,Band_3
person_123,company_23,WORKS_FOR,Analyst,2020-04-01,Band_4
person_124,company_24,WORKS_FOR,Coordinator,2020-05-01,Band_5
person_125,company_25,WORKS_FOR,Engineer,2020-06-01,Band_1
person_126,company_26,WORKS_FOR,Manager,2020-07-01,Band_2
person_127,company_27,WORKS_FOR,Director,2020-08-01,Band_3
person_128,company_28,WORKS_FOR,Analyst,2020-09-01,Band_4
person_129,company_29,WORKS_FOR,Coordinator,2020-10-01,Band_5
person_130,company_30,WORKS_FOR,Engineer,2020-11-01,Band_1
person_131,company_31,WORKS_FOR,Manager,2020-12-01,Band_2
person_132,company_32,WORKS_FOR,Director,2020-01-01,Band_3
person_133,company_33,WORKS_FOR,Analyst,2020-02-01,Band_4
person_134,company_34,WORKS_FOR,Coordinator,2020-03-01,Band_5
person_135,company_35,WORKS_FOR,Engineer,2020-04-01,Band_1
person_136,company_36,WORKS_FOR,Manager,2020-05-01,Band_2
person_137,company_37,WORKS_FOR,Director,2020-06-01,Band_3
person_138,company_38,WORKS_FOR,Analyst,2020-07-01,Band_4
person_139,company_39,WORKS_FOR,Coordinator,2020-08-01,Band_5
person_140,company_40,WORKS_FOR,Engineer,2020-09-01,Band_1
person_141,company_41,WORKS_FOR,Manager,2020-10-01,Band_2
person_142,company_42,WORKS_FOR,Director,2020-11-01,Band_3
person_143,company_43,WORKS_FOR,Analyst,2020-12-01,Band_4
person_144,company_44,WORKS_FOR,Coordinator,2020-01-01,Band_5
person_145,company_45,WORKS_FOR,Engineer,2020-02-01,Band_1
person_146,company_46,WORKS_FOR,Manager,2020-03-01,Band_2
person_147,company_47,WORKS_FOR,Director,2020-04-01,Band_3
person_148,company_48,WORKS_FOR,Analyst,2020-05-01,Band_4
person_149,company_49,WORKS_FOR,Coordinator,2020-06-01,Band_5
person_150,company_50,WORKS_FOR,Engineer,2020-07-01,Band_1
person_151,company_51,WORKS_FOR,Manager,2020-08-01,Band_2
person_152,company_52,WORKS_FOR,Director,2020-09-01,Band_3
person_153,company_53,WORKS_FOR,Analyst,2020-10-01,Band_4
person_154,company_54,WORKS_FOR,Coordinator,2020-11-01,Band_5
person_155,company_55,WORKS_FOR,Engineer,2020-12-01,Band_1
person_156,company_56,WORKS_FOR,Manager,2020-01-01,Band_2
person_157,company_57,WORKS_FOR,Director,2020-02-01,Band_3
person_158,company_58,WORKS_FOR,Analyst,2020-03-01,Band_4
person_159,company_59,WORKS_FOR,Coordinator,2020-04-01,Band_5
person_160,company_60,WORKS_FOR,Engineer,2020-05-01,Band_1
person_161,company_61,WORKS_FOR,Manager,2020-06-01,Band_2
person_162,company_62,WORKS_FOR,Director,2020-07-01,Band_3
person_163,company_63,WORKS_FOR,Analyst,2020-08-01,Band_4
person_164,company_64,WORKS_FOR,Coordinator,2020-09-01,Band_5
person_165,company_65,WORKS_FOR,Engineer,2020-10-01,Band_1
person_166,company_66,WORKS_FOR,Manager,2020-11-01,Band_2
person_167,company_67,WORKS_FOR,Director,2020-12-01,Band_3
person_168,company_68,WORKS_FOR,Analyst,2020-01-01,Band_4
person_169,company_69,WORKS_FOR,Coordinator,2020-02-01,Band_5
person_170,company_70,WORKS_FOR,Engineer,2020-03-01,Band_1
person_171,company_71,WORKS_FOR,Manager,2020-04-01,Band_2
person_172,company_72,WORKS_FOR,Director,2020-05-01,Band_3
person_173,company_73,WORKS_FOR,Analyst,2020-06-01,Band_4
person_174,company_74,WORKS_FOR,Coordinator,2020-07-01,Band_5
person_175,company_75,WORKS_FOR,Engineer,2020-08-01,Band_1
person_176,company_76,WORKS_FOR,Manager,2020-09-01,Band_2
person_177,company_77,WORKS_FOR,Director,2020-10-01,Band_3
person_178,company_78,WORKS_FOR,Analyst,2020-11-01,Band_4
person_179,company_79,WORKS_FOR,Coordinator,2020-12-01,Band_5
person_180,company_80,WORKS_FOR,Engineer,2020-01-01,Band_1
person_181,company_81,WORKS_FOR,Manager,2020-02-01,Band_2
person_182,company_82,WORKS_FOR,Director,2020-03-01,Band_3
person_183,company_83,WORKS_FOR,Analyst,2020-04-01,Band_4
person_184,company_84,WORKS_FOR,Coordinator,2020-05-01,Band_5
person_185,company_85,WORKS_FOR,Engineer,2020-06-01,Band_1
person_186,company_86,WORKS_FOR,Manager,2020-07-01,Band_2
person_187,company_87,WORKS_FOR,Director,2020-08-01,Band_3
person_188,company_88,WORKS_FOR,Analyst,2020-09-01,Band_4
person_189,company_89,WORKS_FOR,Coordinator,2020-10-01,Band_5
person_190,company_90,WORKS_FOR,Engineer,2020-11-01,Band_1
person_191,company_91,WORKS_FOR,Manager,2020-12-01,Band_2
person_192,company_92,WORKS_FOR,Director,2020-01-01,Band_3
person_193,company_93,WORKS_FOR,Analyst,2020-02-01,Band_4
person_194,company_94,WORKS_FOR,Coordinator,2020-03-01,Band_5
person_195,company_95,WORKS_FOR,Engineer,2020-04-01,Band_1
person_196,company_96,WORKS_FOR,Manager,2020-05-01,Band_2
person_197,company_97,WORKS_FOR,Director,2020-06-01,Band_3
person_198,company_98,WORKS_FOR,Analyst,2020-07-01,Band_4
person_199,company_99,WORKS_FOR,Coordinator,2020-08-01,Band_5
person_200,company_0,WORKS_FOR,Engineer,2020-09-01,Band_1
person_201,company_1,WORKS_FOR,Manager,2020-10-01,Band_2
person_202,company_2,WORKS_FOR,Director,2020-11-01,Band_3
person_203,company_3,WORKS_FOR,Analyst,2020-12-01,Band_4
person_204,company_4,WORKS_FOR,Coordinator,2020-01-01,Band_5
person_205,company_5,WORKS_FOR,Engineer,2020-02-01,Band_1
person_206,company_6,WORKS_FOR,Manager,2020-03-01,Band_2
person_207,company_7,WORKS_FOR,Director,2020-04-01,Band_3
person_208,company_8,WORKS_FOR,Analyst,2020-05-01,Band_4
person_209,company_9,WORKS_FOR,Coordinator,2020-06-01,Band_5
person_210,company_10,WORKS_FOR,Engineer,2020-07-01,Band_1
person_211,company_11,WORKS_FOR,Manager,2020-08-01,Band_2
person_212,company_12,WORKS_FOR,Director,2020-09-01,Band_3
person_213,company_13,WORKS_FOR,Analyst,2020-10-01,Band_4
person_214,company_14,WORKS_FOR,Coordinator,2020-11-01,Band_5
person_215,company_15,WORKS_FOR,Engineer,2020-12-01,Band_1
person_216,company_16,WORKS_FOR,Manager,2020-01-01,Band_2
person_217,company_17,WORKS_FOR,Director,2020-02-01,Band_3
person_218,company_18,WORKS_FOR,Analyst,2020-03-01,Band_4
person_219,company_19,WORKS_FOR,Coordinator,2020-04-01,Band_5
person_220,company_20,WORKS_FOR,Engineer,2020-05-01,Band_1
person_221,company_21,WORKS_FOR,Manager,2020-06-01,Band_2
person_222,company_22,WORKS_FOR,Director,2020-07-01,Band_3
person_223,company_23,WORKS_FOR,Analyst,2020-08-01,Band_4
person_224,company_24,WORKS_FOR,Coordinator,2020-09-01,Band_5
person_225,company_25,WORKS_FOR,Engineer,2020-10-01,Band_1
person_226,company_26,WORKS_FOR,Manager,2020-11-01,Band_2
person_227,company_27,WORKS_FOR,Director,2020-12-01,Band_3
person_228,company_28,WORKS_FOR,Analyst,2020-01-01,Band_4
person_229,company_29,WORKS_FOR,Coordinator,2020-02-01,Band_5
person_230,company_30,WORKS_FOR,Engineer,2020-03-01,Band_1
person_231,company_31,WORKS_FOR,Manager,2020-04-01,Band_2
person_232,company_32,WORKS_FOR,Director,2020-05-01,Band_3
person_233,company_33,WORKS_FOR,Analyst,2020-06-01,Band_4
person_234,company_34,WORKS_FOR,Coordinator,2020-07-01,Band_5
person_235,company_35,WORKS_FOR,Engineer,2020-08-01,Band_1
person_236,company_36,WORKS_FOR,Manager,2020-09-01,Band_2
person_237,company_37,WORKS_FOR,Director,2020-10-01,Band_3
person_238,company_38,WORKS_FOR,Analyst,2020-11-01,Band_4
person_239,company_39,WORKS_FOR,Coordinator,2020-12-01,Band_5
person_240,company_40,WORKS_FOR,Engineer,2020-01-01,Band_1
person_241,company_41,WORKS_FOR,Manager,2020-02-01,Band_2
person_242,company_42,WORKS_FOR,Director,2020-03-01,Band_3
person_243,company_43,WORKS_FOR,Analyst,2020-04-01,Band_4
person_244,company_44,WORKS_FOR,Coordinator,2020-05-01,Band_5
person_245,company_45,WORKS_FOR,Engineer,2020-06-01,Band_1
person_246,company_46,WORKS_FOR,Manager,2020-07-01,Band_2
person_247,company_47,WORKS_FOR,Director,2020-08-01,Band_3
person_248,company_48,WORKS_FOR,Analyst,2020-09-01,Band_4
person_249,company_49,WORKS_FOR,Coordinator,2020-10-01,Band_5
person_250,company_50,WORKS_FOR,Engineer,2020-11-01,Band_1
person_251,company_51,WORKS_FOR,Manager,2020-12-01,Band_2
person_252,company_52,WORKS_FOR,Director,2020-01-01,Band_3
person_253,company_53,WORKS_FOR,Analyst,2020-02-01,Band_4
person_254,company_54,WORKS_FOR,Coordinator,2020-03-01,Band_5
person_255,company_55,WORKS_FOR,Engineer,2020-04-01,Band_1
person_256,company_56,WORKS_FOR,Manager,2020-05-01,Band_2
person_257,company_57,WORKS_FOR,Director,2020-06-01,Band_3
person_258,company_58,WORKS_FOR,Analyst,2020-07-01,Band_4
person_259,company_59,WORKS_FOR,Coordinator,2020-08-01,Band_5
person_260,company_60,WORKS_FOR,Engineer,2020-09-01,Band_1
person_261,company_61,WORKS_FOR,Manager,2020-10-01,Band_2
person_262,company_62,WORKS_FOR,Director,2020-11-01,Band_3
person_263,company_63,WORKS_FOR,Analyst,2020-12-01,Band_4
person_264,company_64,WORKS_FOR,Coordinator,2020-01-01,Band_5
person_265,company_65,WORKS_FOR,Engineer,2020-02-01,Band_1
person_266,company_66,WORKS_FOR,Manager,2020-03-01,Band_2
person_267,company_67,WORKS_FOR,Director,2020-04-01,Band_3
person_268,company_68,WORKS_FOR,Analyst,2020-05-01,Band_4
person_269,company_69,WORKS_FOR,Coordinator,2020-06-01,Band_5
person_270,company_70,WORKS_FOR,Engineer,2020-07-01,Band_1
person_271,company_71,WORKS_FOR,Manager,2020-08-01,Band_2
person_272,company_72,WORKS_FOR,Director,2020-09-01,Band_3
person_273,company_73,WORKS_FOR,Analyst,2020-10-01,Band_4
person_274,company_74,WORKS_FOR,Coordinator,2020-11-01,Band_5
person_275,company_75,WORKS_FOR,Engineer,2020-12-01,Band_1
person_276,company_76,WORKS_FOR,Manager,2020-01-01,Band_2
person_277,company_77,WORKS_FOR,Director,2020-02-01,Band_3
person_278,company_78,WORKS_FOR,Analyst,2020-03-01,Band_4
person_279,company_79,WORKS_FOR,Coordinator,2020-04-01,Band_5
person_280,company_80,WORKS_FOR,Engineer,2020-05-01,Band_1
person_281,company_81,WORKS_FOR,Manager,2020-06-01,Band_2
person_282,company_82,WORKS_FOR,Director,2020-07-01,Band_3
person_283,company_83,WORKS_FOR,Analyst,2020-08-01,Band_4
person_284,company_84,WORKS_FOR,Coordinator,2020-09-01,Band_5
person_285,company_85,WORKS_FOR,Engineer,2020-10-01,Band_1
person_286,company_86,WORKS_FOR,Manager,2020-11-01,Band_2
person_287,company_87,WORKS_FOR,Director,2020-12-01,Band_3
person_288,company_88,WORKS_FOR,Analyst,2020-01-01,Band_4
person_289,company_89,WORKS_FOR,Coordinator,2020-02-01,Band_5
person_290,company_90,WORKS_FOR,Engineer,2020-03-01,Band_1
person_291,company_91,WORKS_FOR,Manager,2020-04-01,Band_2
person_292,company_92,WORKS_FOR,Director,2020-05-01,Band_3
person_293,company_93,WORKS_FOR,Analyst,2020-06-01,Band_4
person_294,company_94,WORKS_FOR,Coordinator,2020-07-01,Band_5
person_295,company_95,WORKS_FOR,Engineer,2020-08-01,Band_1
person_296,company_96,WORKS_FOR,Manager,2020-09-01,Band_2
person_297,company_97,WORKS_FOR,Director,2020-10-01,Band_3
person_298,company_98,WORKS_FOR,Analyst,2020-11-01,Band_4
person_299,company_99,WORKS_FOR,Coordinator,2020-12-01,Band_5
person_300,company_0,WORKS_FOR,Engineer,2020-01-01,Band_1
person_301,company_1,WORKS_FOR,Manager,2020-02-01,Band_2
person_302,company_2,WORKS_FOR,Director,2020-03-01,Band_3
person_303,company_3,WORKS_FOR,Analyst,2020-04-01,Band_4
person_304,company_4,WORKS_FOR,Coordinator,2020-05-01,Band_5
person_305,company_5,WORKS_FOR,Engineer,2020-06-01,Band_1
person_306,company_6,WORKS_FOR,Manager,2020-07-01,Band_2
person_307,company_7,WORKS_FOR,Director,2020-08-01,Band_3
person_308,company_8,WORKS_FOR,Analyst,2020-09-01,Band_4
person_309,company_9,WORKS_FOR,Coordinator,2020-10-01,Band_5
person_310,company_10,WORKS_FOR,Engineer,2020-11-01,Band_1
person_311,company_11,WORKS_FOR,Manager,2020-12-01,Band_2
person_312,company_12,WORKS_FOR,Director,2020-01-01,Band_3
person_313,company_13,WORKS_FOR,Analyst,2020-02-01,Band_4
person_314,company_14,WORKS_FOR,Coordinator,2020-03-01,Band_5
person_315,company_15,WORKS_FOR,Engineer,2020-04-01,Band_1
person_316,company_16,WORKS_FOR,Manager,2020-05-01,Band_2
person_317,company_17,WORKS_FOR,Director,2020-06-01,Band_3
person_318,company_18,WORKS_FOR,Analyst,2020-07-01,Band_4
person_319,company_19,WORKS_FOR,Coordinator,2020-08-01,Band_5
person_320,company_20,WORKS_FOR,Engineer,2020-09-01,Band_1
person_321,company_21,WORKS_FOR,Manager,2020-10-01,Band_2
person_322,company_22,WORKS_FOR,Director,2020-11-01,Band_3
person_323,company_23,WORKS_FOR,Analyst,2020-12-01,Band_4
person_324,company_24,WORKS_FOR,Coordinator,2020-01-01,Band_5
person_325,company_25,WORKS_FOR,Engineer,2020-02-01,Band_1
person_326,company_26,WORKS_FOR,Manager,2020-03-01,Band_2
person_327,company_27,WORKS_FOR,Director,2020-04-01,Band_3
person_328,company_28,WORKS_FOR,Analyst,2020-05-01,Band_4
person_329,company_29,WORKS_FOR,Coordinator,2020-06-01,Band_5
person_330,company_30,WORKS_FOR,Engineer,2020-07-01,Band_1
person_331,company_31,WORKS_FOR,Manager,2020-08-01,Band_2
person_332,company_32,WORKS_FOR,Director,2020-09-01,Band_3
person_333,company_33,WORKS_FOR,Analyst,2020-10-01,Band_4
person_334,company_34,WORKS_FOR,Coordinator,2020-11-01,Band_5
person_335,company_35,WORKS_FOR,Engineer,2020-12-01,Band_1
person_336,company_36,WORKS_FOR,Manager,2020-01-01,Band_2
person_337,company_37,WORKS_FOR,Director,2020-02-01,Band_3
person_338,company_38,WORKS_FOR,Analyst,2020-03-01,Band_4
person_339,company_39,WORKS_FOR,Coordinator,2020-04-01,Band_5
person_340,company_40,WORKS_FOR,Engineer,2020-05-01,Band_1
person_341,company_41,WORKS_FOR,Manager,2020-06-01,Band_2
person_342,company_42,WORKS_FOR,Director,2020-07-01,Band_3
person_343,company_43,WORKS_FOR,Analyst,2020-08-01,Band_4
person_344,company_44,WORKS_FOR,Coordinator,2020-09-01,Band_5
person_345,company_45,WORKS_FOR,Engineer,2020-10-01,Band_1
person_346,company_46,WORKS_FOR,Manager,2020-11-01,Band_2
person_347,company_47,WORKS_FOR,Director,2020-12-01,Band_3
person_348,company_48,WORKS_FOR,Analyst,2020-01-01,Band_4
person_349,company_49,WORKS_FOR,Coordinator,2020-02-01,Band_5
person_350,company_50,WORKS_FOR,Engineer,2020-03-01,Band_1
person_351,company_51,WORKS_FOR,Manager,2020-04-01,Band_2
person_352,company_52,WORKS_FOR,Director,2020-05-01,Band_3
person_353,company_53,WORKS_FOR,Analyst,2020-06-01,Band_4
person_354,company_54,WORKS_FOR,Coordinator,2020-07-01,Band_5
person_355,company_55,WORKS_FOR,Engineer,2020-08-01,Band_1
person_356,company_56,WORKS_FOR,Manager,2020-09-01,Band_2
person_357,company_57,WORKS_FOR,Director,2020-10-01,Band_3
person_358,company_58,WORKS_FOR,Analyst,2020-11-01,Band_4
person_359,company_59,WORKS_FOR,Coordinator,2020-12-01,Band_5
person_360,company_60,WORKS_FOR,Engineer,2020-01-01,Band_1
person_361,company_61,WORKS_FOR,Manager,2020-02-01,Band_2
person_362,company_62,WORKS_FOR,Director,2020-03-01,Band_3
person_363,company_63,WORKS_FOR,Analyst,2020-04-01,Band_4
person_364,company_64,WORKS_FOR,Coordinator,2020-05-01,Band_5
person_365,company_65,WORKS_FOR,Engineer,2020-06-01,Band_1
person_366,company_66,WORKS_FOR,Manager,2020-07-01,Band_2
person_367,company_67,WORKS_FOR,Director,2020-08-01,Band_3
person_368,company_68,WORKS_FOR,Analyst,2020-09-01,Band_4
person_369,company_69,WORKS_FOR,Coordinator,2020-10-01,Band_5
person_370,company_70,WORKS_FOR,Engineer,2020-11-01,Band_1
person_371,company_71,WORKS_FOR,Manager,2020-12-01,Band_2
person_372,company_72,WORKS_FOR,Director,2020-01-01,Band_3
person_373,company_73,WORKS_FOR,Analyst,2020-02-01,Band_4
person_374,company_74,WORKS_FOR,Coordinator,2020-03-01,Band_5
person_375,company_75,WORKS_FOR,Engineer,2020-04-01,Band_1
person_376,company_76,WORKS_FOR,Manager,2020-05-01,Band_2
person_377,company_77,WORKS_FOR,Director,2020-06-01,Band_3
person_378,company_78,WORKS_FOR,Analyst,2020-07-01,Band_4
person_379,company_79,WORKS_FOR,Coordinator,2020-08-01,Band_5
person_380,company_80,WORKS_FOR,Engineer,2020-09-01,Band_1
person_381,company_81,WORKS_FOR,Manager,2020-10-01,Band_2
person_382,company_82,WORKS_FOR,Director,2020-11-01,Band_3
person_383,company_83,WORKS_FOR,Analyst,2020-12-01,Band_4
person_384,company_84,WORKS_FOR,Coordinator,2020-01-01,Band_5
person_385,company_85,WORKS_FOR,Engineer,2020-02-01,Band_1
person_386,company_86,WORKS_FOR,Manager,2020-03-01,Band_2
person_387,company_87,WORKS_FOR,Director,2020-04-01,Band_3
person_388,company_88,WORKS_FOR,Analyst,2020-05-01,Band_4
person_389,company_89,WORKS_FOR,Coordinator,2020-06-01,Band_5
person_390,company_90,WORKS_FOR,Engineer,2020-07-01,Band_1
person_391,company_91,WORKS_FOR,Manager,2020-08-01,Band_2
person_392,company_92,WORKS_FOR,Director,2020-09-01,Band_3
person_393,company_93,WORKS_FOR,Analyst,2020-10-01,Band_4
person_394,company_94,WORKS_FOR,Coordinator,2020-11-01,Band_5
person_395,company_95,WORKS_FOR,Engineer,2020-12-01,Band_1
person_396,company_96,WORKS_FOR,Manager,2020-01-01,Band_2
person_397,company_97,WORKS_FOR,Director,2020-02-01,Band_3
person_398,company_98,WORKS_FOR,Analyst,2020-03-01,Band_4
person_399,company_99,WORKS_FOR,Coordinator,2020-04-01,Band_5
person_400,company_0,WORKS_FOR,Engineer,2020-05-01,Band_1
person_401,company_1,WORKS_FOR,Manager,2020-06-01,Band_2
person_402,company_2,WORKS_FOR,Director,2020-07-01,Band_3
person_403,company_3,WORKS_FOR,Analyst,2020-08-01,Band_4
person_404,company_4,WORKS_FOR,Coordinator,2020-09-01,Band_5
person_405,company_5,WORKS_FOR,Engineer,2020-10-01,Band_1
person_406,company_6,WORKS_FOR,Manager,2020-11-01,Band_2
person_407,company_7,WORKS_FOR,Director,2020-12-01,Band_3
person_408,company_8,WORKS_FOR,Analyst,2020-01-01,Band_4
person_409,company_9,WORKS_FOR,Coordinator,2020-02-01,Band_5
person_410,company_10,WORKS_FOR,Engineer,2020-03-01,Band_1
person_411,company_11,WORKS_FOR,Manager,2020-04-01,Band_2
person_412,company_12,WORKS_FOR,Director,2020-05-01,Band_3
person_413,company_13,WORKS_FOR,Analyst,2020-06-01,Band_4
person_414,company_14,WORKS_FOR,Coordinator,2020-07-01,Band_5
person_415,company_15,WORKS_FOR,Engineer,2020-08-01,Band_1
person_416,company_16,WORKS_FOR,Manager,2020-09-01,Band_2
person_417,company_17,WORKS_FOR,Director,2020-10-01,Band_3
person_418,company_18,WORKS_FOR,Analyst,2020-11-01,Band_4
person_419,company_19,WORKS_FOR,Coordinator,2020-12-01,Band_5
person_420,company_20,WORKS_FOR,Engineer,2020-01-01,Band_1
person_421,company_21,WORKS_FOR,Manager,2020-02-01,Band_2
person_422,company_22,WORKS_FOR,Director,2020-03-01,Band_3
person_423,company_23,WORKS_FOR,Analyst,2020-04-01,Band_4
person_424,company_24,WORKS_FOR,Coordinator,2020-05-01,Band_5
person_425,company_25,WORKS_FOR,Engineer,2020-06-01,Band_1
person_426,company_26,WORKS_FOR,Manager,2020-07-01,Band_2
person_427,company_27,WORKS_FOR,Director,2020-08-01,Band_3
person_428,company_28,WORKS_FOR,Analyst,2020-09-01,Band_4
person_429,company_29,WORKS_FOR,Coordinator,2020-10-01,Band_5
person_430,company_30,WORKS_FOR,Engineer,2020-11-01,Band_1
person_431,company_31,WORKS_FOR,Manager,2020-12-01,Band_2
person_432,company_32,WORKS_FOR,Director,2020-01-01,Band_3
person_433,company_33,WORKS_FOR,Analyst,2020-02-01,Band_4
person_434,company_34,WORKS_FOR,Coordinator,2020-03-01,Band_5
person_435,company_35,WORKS_FOR,Engineer,2020-04-01,Band_1
person_436,company_36,WORKS_FOR,Manager,2020-05-01,Band_2
person_437,company_37,WORKS_FOR,Director,2020-06-01,Band_3
person_438,company_38,WORKS_FOR,Analyst,2020-07-01,Band_4
person_439,company_39,WORKS_FOR,Coordinator,2020-08-01,Band_5
person_440,company_40,WORKS_FOR,Engineer,2020-09-01,Band_1
person_441,company_41,WORKS_FOR,Manager,2020-10-01,Band_2
person_442,company_42,WORKS_FOR,Director,2020-11-01,Band_3
person_443,company_43,WORKS_FOR,Analyst,2020-12-01,Band_4
person_444,company_44,WORKS_FOR,Coordinator,2020-01-01,Band_5
person_445,company_45,WORKS_FOR,Engineer,2020-02-01,Band_1
person_446,company_46,WORKS_FOR,Manager,2020-03-01,Band_2
person_447,company_47,WORKS_FOR,Director,2020-04-01,Band_3
person_448,company_48,WORKS_FOR,Analyst,2020-05-01,Band_4
person_449,company_49,WORKS_FOR,Coordinator,2020-06-01,Band_5
person_450,company_50,WORKS_FOR,Engineer,2020-07-01,Band_1
person_451,company_51,WORKS_FOR,Manager,2020-08-01,Band_2
person_452,company_52,WORKS_FOR,Director,2020-09-01,Band_3
person_453,company_53,WORKS_FOR,Analyst,2020-10-01,Band_4
person_454,company_54,WORKS_FOR,Coordinator,2020-11-01,Band_5
person_455,company_55,WORKS_FOR,Engineer,2020-12-01,Band_1
person_456,company_56,WORKS_FOR,Manager,2020-01-01,Band_2
person_457,company_57,WORKS_FOR,Director,2020-02-01,Band_3
person_458,company_58,WORKS_FOR,Analyst,2020-03-01,Band_4
person_459,company_59,WORKS_FOR,Coordinator,2020-04-01,Band_5
person_460,company_60,WORKS_FOR,Engineer,2020-05-01,Band_1
person_461,company_61,WORKS_FOR,Manager,2020-06-01,Band_2
person_462,company_62,WORKS_FOR,Director,2020-07-01,Band_3
person_463,company_63,WORKS_FOR,Analyst,2020-08-01,Band_4
person_464,company_64,WORKS_FOR,Coordinator,2020-09-01,Band_5
person_465,company_65,WORKS_FOR,Engineer,2020-10-01,Band_1
person_466,company_66,WORKS_FOR,Manager,2020-11-01,Band_2
person_467,company_67,WORKS_FOR,Director,2020-12-01,Band_3
person_468,company_68,WORKS_FOR,Analyst,2020-01-01,Band_4
person_469,company_69,WORKS_FOR,Coordinator,2020-02-01,Band_5
person_470,company_70,WORKS_FOR,Engineer,2020-03-01,Band_1
person_471,company_71,WORKS_FOR,Manager,2020-04-01,Band_2
person_472,company_72,WORKS_FOR,Director,2020-05-01,Band_3
person_473,company_73,WORKS_FOR,Analyst,2020-06-01,Band_4
person_474,company_74,WORKS_FOR,Coordinator,2020-07-01,Band_5
person_475,company_75,WORKS_FOR,Engineer,2020-08-01,Band_1
person_476,company_76,WORKS_FOR,Manager,2020-09-01,Band_2
person_477,company_77,WORKS_FOR,Director,2020-10-01,Band_3
person_478,company_78,WORKS_FOR,Analyst,2020-11-01,Band_4
person_479,company_79,WORKS_FOR,Coordinator,2020-12-01,Band_5
person_480,company_80,WORKS_FOR,Engineer,2020-01-01,Band_1
person_481,company_81,WORKS_FOR,Manager,2020-02-01,Band_2
person_482,company_82,WORKS_FOR,Director,2020-03-01,Band_3
person_483,company_83,WORKS_FOR,Analyst,2020-04-01,Band_4
person_484,company_84,WORKS_FOR,Coordinator,2020-05-01,Band_5
person_485,company_85,WORKS_FOR,Engineer,2020-06-01,Band_1
person_486,company_86,WORKS_FOR,Manager,2020-07-01,Band_2
person_487,company_87,WORKS_FOR,Director,2020-08-01,Band_3
person_488,company_88,WORKS_FOR,Analyst,2020-09-01,Band_4
person_489,company_89,WORKS_FOR,Coordinator,2020-10-01,Band_5
person_490,company_90,WORKS_FOR,Engineer,2020-11-01,Band_1
person_491,company_91,WORKS_FOR,Manager,2020-12-01,Band_2
person_492,company_92,WORKS_FOR,Director,2020-01-01,Band_3
person_493,company_93,WORKS_FOR,Analyst,2020-02-01,Band_4
person_494,company_94,WORKS_FOR,Coordinator,2020-03-01,Band_5
person_495,company_95,WORKS_FOR,Engineer,2020-04-01,Band_1
person_496,company_96,WORKS_FOR,Manager,2020-05-01,Band_2
person_497,company_97,WORKS_FOR,Director,2020-06-01,Band_3
person_498,company_98,WORKS_FOR,Analyst,2020-07-01,Band_4
person_499,company_99,WORKS_FOR,Coordinator,2020-08-01,Band_5
person_500,company_0,WORKS_FOR,Engineer,2020-09-01,Band_1
person_501,company_1,WORKS_FOR,Manager,2020-10-01,Band_2
person_502,company_2,WORKS_FOR,Director,2020-11-01,Band_3
person_503,company_3,WORKS_FOR,Analyst,2020-12-01,Band_4
person_504,company_4,WORKS_FOR,Coordinator,2020-01-01,Band_5
person_505,company_5,WORKS_FOR,Engineer,2020-02-01,Band_1
person_506,company_6,WORKS_FOR,Manager,2020-03-01,Band_2
person_507,company_7,WORKS_FOR,Director,2020-04-01,Band_3
person_508,company_8,WORKS_FOR,Analyst,2020-05-01,Band_4
person_509,company_9,WORKS_FOR,Coordinator,2020-06-01,Band_5
person_510,company_10,WORKS_FOR,Engineer,2020-07-01,Band_1
person_511,company_11,WORKS_FOR,Manager,2020-08-01,Band_2
person_512,company_12,WORKS_FOR,Director,2020-09-01,Band_3
person_513,company_13,WORKS_FOR,Analyst,2020-10-01,Band_4
person_514,company_14,WORKS_FOR,Coordinator,2020-11-01,Band_5
person_515,company_15,WORKS_FOR,Engineer,2020-12-01,Band_1
person_516,company_16,WORKS_FOR,Manager,2020-01-01,Band_2
person_517,company_17,WORKS_FOR,Director,2020-02-01,Band_3
person_518,company_18,WORKS_FOR,Analyst,2020-03-01,Band_4
person_519,company_19,WORKS_FOR,Coordinator,2020-04-01,Band_5
person_520,company_20,WORKS_FOR,Engineer,2020-05-01,Band_1
person_521,company_21,WORKS_FOR,Manager,2020-06-01,Band_2
person_522,company_22,WORKS_FOR,Director,2020-07-01,Band_3
person_523,company_23,WORKS_FOR,Analyst,2020-08-01,Band_4
person_524,company_24,WORKS_FOR,Coordinator,2020-09-01,Band_5
person_525,company_25,WORKS_FOR,Engineer,2020-10-01,Band_1
person_526,company_26,WORKS_FOR,Manager,2020-11-01,Band_2
person_527,company_27,WORKS_FOR,Director,2020-12-01,Band_3
person_528,company_28,WORKS_FOR,Analyst,2020-01-01,Band_4
person_529,company_29,WORKS_FOR,Coordinator,2020-02-01,Band_5
person_530,company_30,WORKS_FOR,Engineer,2020-03-01,Band_1
person_531,company_31,WORKS_FOR,Manager,2020-04-01,Band_2
person_532,company_32,WORKS_FOR,Director,2020-05-01,Band_3
person_533,company_33,WORKS_FOR,Analyst,2020-06-01,Band_4
person_534,company_34,WORKS_FOR,Coordinator,2020-07-01,Band_5
person_535,company_35,WORKS_FOR,Engineer,2020-08-01,Band_1
person_536,company_36,WORKS_FOR,Manager,2020-09-01,Band_2
person_537,company_37,WORKS_FOR,Director,2020-10-01,Band_3
person_538,company_38,WORKS_FOR,Analyst,2020-11-01,Band_4
person_539,company_39,WORKS_FOR,Coordinator,2020-12-01,Band_5
person_540,company_40,WORKS_FOR,Engineer,2020-01-01,Band_1
person_541,company_41,WORKS_FOR,Manager,2020-02-01,Band_2
person_542,company_42,WORKS_FOR,Director,2020-03-01,Band_3
person_543,company_43,WORKS_FOR,Analyst,2020-04-01,Band_4
person_544,company_44,WORKS_FOR,Coordinator,2020-05-01,Band_5
person_545,company_45,WORKS_FOR,Engineer,2020-06-01,Band_1
person_546,company_46,WORKS_FOR,Manager,2020-07-01,Band_2
person_547,company_47,WORKS_FOR,Director,2020-08-01,Band_3
person_548,company_48,WORKS_FOR,Analyst,2020-09-01,Band_4
person_549,company_49,WORKS_FOR,Coordinator,2020-10-01,Band_5
person_550,company_50,WORKS_FOR,Engineer,2020-11-01,Band_1
person_551,company_51,WORKS_FOR,Manager,2020-12-01,Band_2
person_552,company_52,WORKS_FOR,Director,2020-01-01,Band_3
person_553,company_53,WORKS_FOR,Analyst,2020-02-01,Band_4
person_554,company_54,WORKS_FOR,Coordinator,2020-03-01,Band_5
person_555,company_55,WORKS_FOR,Engineer,2020-04-01,Band_1
person_556,company_56,WORKS_FOR,Manager,2020-05-01,Band_2
person_557,company_57,WORKS_FOR,Director,2020-06-01,Band_3
person_558,company_58,WORKS_FOR,Analyst,2020-07-01,Band_4
person_559,company_59,WORKS_FOR,Coordinator,2020-08-01,Band_5
person_560,company_60,WORKS_FOR,Engineer,2020-09-01,Band_1
person_561,company_61,WORKS_FOR,Manager,2020-10-01,Band_2
person_562,company_62,WORKS_FOR,Director,2020-11-01,Band_3
person_563,company_63,WORKS_FOR,Analyst,2020-12-01,Band_4
person_564,company_64,WORKS_FOR,Coordinator,2020-01-01,Band_5
person_565,company_65,WORKS_FOR,Engineer,2020-02-01,Band_1
person_566,company_66,WORKS_FOR,Manager,2020-03-01,Band_2
person_567,company_67,WORKS_FOR,Director,2020-04-01,Band_3
person_568,company_68,WORKS_FOR,Analyst,2020-05-01,Band_4
person_569,company_69,WORKS_FOR,Coordinator,2020-06-01,Band_5
person_570,company_70,WORKS_FOR,Engineer,2020-07-01,Band_1
person_571,company_71,WORKS_FOR,Manager,2020-08-01,Band_2
person_572,company_72,WORKS_FOR,Director,2020-09-01,Band_3
person_573,company_73,WORKS_FOR,Analyst,2020-10-01,Band_4
person_574,company_74,WORKS_FOR,Coordinator,2020-11-01,Band_5
person_575,company_75,WORKS_FOR,Engineer,2020-12-01,Band_1
person_576,company_76,WORKS_FOR,Manager,2020-01-01,Band_2
person_577,company_77,WORKS_FOR,Director,2020-02-01,Band_3
person_578,company_78,WORKS_FOR,Analyst,2020-03-01,Band_4
person_579,company_79,WORKS_FOR,Coordinator,2020-04-01,Band_5
person_580,company_80,WORKS_FOR,Engineer,2020-05-01,Band_1
person_581,company_81,WORKS_FOR,Manager,2020-06-01,Band_2
person_582,company_82,WORKS_FOR,Director,2020-07-01,Band_3
person_583,company_83,WORKS_FOR,Analyst,2020-08-01,Band_4
person_584,company_84,WORKS_FOR,Coordinator,2020-09-01,Band_5
person_585,company_85,WORKS_FOR,Engineer,2020-10-01,Band_1
person_586,company_86,WORKS_FOR,Manager,2020-11-01,Band_2
person_587,company_87,WORKS_FOR,Director,2020-12-01,Band_3
person_588,company_88,WORKS_FOR,Analyst,2020-01-01,Band_4
person_589,company_89,WORKS_FOR,Coordinator,2020-02-01,Band_5
person_590,company_90,WORKS_FOR,Engineer,2020-03-01,Band_1
person_591,company_91,WORKS_FOR,Manager,2020-04-01,Band_2
person_592,company_92,WORKS_FOR,Director,2020-05-01,Band_3
person_593,company_93,WORKS_FOR,Analyst,2020-06-01,Band_4
person_594,company_94,WORKS_FOR,Coordinator,2020-07-01,Band_5
person_595,company_95,WORKS_FOR,Engineer,2020-08-01,Band_1
person_596,company_96,WORKS_FOR,Manager,2020-09-01,Band_2
person_597,company_97,WORKS_FOR,Director,2020-10-01,Band_3
person_598,company_98,WORKS_FOR,Analyst,2020-11-01,Band_4
person_599,company_99,WORKS_FOR,Coordinator,2020-12-01,Band_5
person_600,company_0,WORKS_FOR,Engineer,2020-01-01,Band_1
person_601,company_1,WORKS_FOR,Manager,2020-02-01,Band_2
person_602,company_2,WORKS_FOR,Director,2020-03-01,Band_3
person_603,company_3,WORKS_FOR,Analyst,2020-04-01,Band_4
person_604,company_4,WORKS_FOR,Coordinator,2020-05-01,Band_5
person_605,company_5,WORKS_FOR,Engineer,2020-06-01,Band_1
person_606,company_6,WORKS_FOR,Manager,2020-07-01,Band_2
person_607,company_7,WORKS_FOR,Director,2020-08-01,Band_3
person_608,company_8,WORKS_FOR,Analyst,2020-09-01,Band_4
person_609,company_9,WORKS_FOR,Coordinator,2020-10-01,Band_5
person_610,company_10,WORKS_FOR,Engineer,2020-11-01,Band_1
person_611,company_11,WORKS_FOR,Manager,2020-12-01,Band_2
person_612,company_12,WORKS_FOR,Director,2020-01-01,Band_3
person_613,company_13,WORKS_FOR,Analyst,2020-02-01,Band_4
person_614,company_14,WORKS_FOR,Coordinator,2020-03-01,Band_5
person_615,company_15,WORKS_FOR,Engineer,2020-04-01,Band_1
person_616,company_16,WORKS_FOR,Manager,2020-05-01,Band_2
person_617,company_17,WORKS_FOR,Director,2020-06-01,Band_3
person_618,company_18,WORKS_FOR,Analyst,2020-07-01,Band_4
person_619,company_19,WORKS_FOR,Coordinator,2020-08-01,Band_5
person_620,company_20,WORKS_FOR,Engineer,2020-09-01,Band_1
person_621,company_21,WORKS_FOR,Manager,2020-10-01,Band_2
person_622,company_22,WORKS_FOR,Director,2020-11-01,Band_3
person_623,company_23,WORKS_FOR,Analyst,2020-12-01,Band_4
person_624,company_24,WORKS_FOR,Coordinator,2020-01-01,Band_5
person_625,company_25,WORKS_FOR,Engineer,2020-02-01,Band_1
person_626,company_26,WORKS_FOR,Manager,2020-03-01,Band_2
person_627,company_27,WORKS_FOR,Director,2020-04-01,Band_3
person_628,company_28,WORKS_FOR,Analyst,2020-05-01,Band_4
person_629,company_29,WORKS_FOR,Coordinator,2020-06-01,Band_5
person_630,company_30,WORKS_FOR,Engineer,2020-07-01,Band_1
person_631,company_31,WORKS_FOR,Manager,2020-08-01,Band_2
person_632,company_32,WORKS_FOR,Director,2020-09-01,Band_3
person_633,company_33,WORKS_FOR,Analyst,2020-10-01,Band_4
person_634,company_34,WORKS_FOR,Coordinator,2020-11-01,Band_5
person_635,company_35,WORKS_FOR,Engineer,2020-12-01,Band_1
person_636,company_36,WORKS_FOR,Manager,2020-01-01,Band_2
person_637,company_37,WORKS_FOR,Director,2020-02-01,Band_3
person_638,company_38,WORKS_FOR,Analyst,2020-03-01,Band_4
person_639,company_39,WORKS_FOR,Coordinator,2020-04-01,Band_5
person_640,company_40,WORKS_FOR,Engineer,2020-05-01,Band_1
person_641,company_41,WORKS_FOR,Manager,2020-06-01,Band_2
person_642,company_42,WORKS_FOR,Director,2020-07-01,Band_3
person_643,company_43,WORKS_FOR,Analyst,2020-08-01,Band_4
person_644,company_44,WORKS_FOR,Coordinator,2020-09-01,Band_5
person_645,company_45,WORKS_FOR,Engineer,2020-10-01,Band_1
person_646,company_46,WORKS_FOR,Manager,2020-11-01,Band_2
person_647,company_47,WORKS_FOR,Director,2020-12-01,Band_3
person_648,company_48,WORKS_FOR,Analyst,2020-01-01,Band_4
person_649,company_49,WORKS_FOR,Coordinator,2020-02-01,Band_5
person_650,company_50,WORKS_FOR,Engineer,2020-03-01,Band_1
person_651,company_51,WORKS_FOR,Manager,2020-04-01,Band_2
person_652,company_52,WORKS_FOR,Director,2020-05-01,Band_3
person_653,company_53,WORKS_FOR,Analyst,2020-06-01,Band_4
person_654,company_54,WORKS_FOR,Coordinator,2020-07-01,Band_5
person_655,company_55,WORKS_FOR,Engineer,2020-08-01,Band_1
person_656,company_56,WORKS_FOR,Manager,2020-09-01,Band_2
person_657,company_57,WORKS_FOR,Director,2020-10-01,Band_3
person_658,company_58,WORKS_FOR,Analyst,2020-11-01,Band_4
person_659,company_59,WORKS_FOR,Coordinator,2020-12-01,Band_5
person_660,company_60,WORKS_FOR,Engineer,2020-01-01,Band_1
person_661,company_61,WORKS_FOR,Manager,2020-02-01,Band_2
person_662,company_62,WORKS_FOR,Director,2020-03-01,Band_3
person_663,company_63,WORKS_FOR,Analyst,2020-04-01,Band_4
person_664,company_64,WORKS_FOR,Coordinator,2020-05-01,Band_5
person_665,company_65,WORKS_FOR,Engineer,2020-06-01,Band_1
person_666,company_66,WORKS_FOR,Manager,2020-07-01,Band_2
person_667,company_67,WORKS_FOR,Director,2020-08-01,Band_3
person_668,company_68,WORKS_FOR,Analyst,2020-09-01,Band_4
person_669,company_69,WORKS_FOR,Coordinator,2020-10-01,Band_5
person_670,company_70,WORKS_FOR,Engineer,2020-11-01,Band_1
person_671,company_71,WORKS_FOR,Manager,2020-12-01,Band_2
person_672,company_72,WORKS_FOR,Director,2020-01-01,Band_3
person_673,company_73,WORKS_FOR,Analyst,2020-02-01,Band_4
person_674,company_74,WORKS_FOR,Coordinator,2020-03-01,Band_5
person_675,company_75,WORKS_FOR,Engineer,2020-04-01,Band_1
person_676,company_76,WORKS_FOR,Manager,2020-05-01,Band_2
person_677,company_77,WORKS_FOR,Director,2020-06-01,Band_3
person_678,company_78,WORKS_FOR,Analyst,2020-07-01,Band_4
person_679,company_79,WORKS_FOR,Coordinator,2020-08-01,Band_5
person_680,company_80,WORKS_FOR,Engineer,2020-09-01,Band_1
person_681,company_81,WORKS_FOR,Manager,2020-10-01,Band_2
person_682,company_82,WORKS_FOR,Director,2020-11-01,Band_3
person_683,company_83,WORKS_FOR,Analyst,2020-12-01,Band_4
person_684,company_84,WORKS_FOR,Coordinator,2020-01-01,Band_5
person_685,company_85,WORKS_FOR,Engineer,2020-02-01,Band_1
person_686,company_86,WORKS_FOR,Manager,2020-03-01,Band_2
person_687,company_87,WORKS_FOR,Director,2020-04-01,Band_3
person_688,company_88,WORKS_FOR,Analyst,2020-05-01,Band_4
person_689,company_89,WORKS_FOR,Coordinator,2020-06-01,Band_5
person_690,company_90,WORKS_FOR,Engineer,2020-07-01,Band_1
person_691,company_91,WORKS_FOR,Manager,2020-08-01,Band_2
person_692,company_92,WORKS_FOR,Director,2020-09-01,Band_3
person_693,company_93,WORKS_FOR,Analyst,2020-10-01,Band_4
person_694,company_94,WORKS_FOR,Coordinator,2020-11-01,Band_5
person_695,company_95,WORKS_FOR,Engineer,2020-12-01,Band_1
person_696,company_96,WORKS_FOR,Manager,2020-01-01,Band_2
person_697,company_97,WORKS_FOR,Director,2020-02-01,Band_3
person_698,company_98,WORKS_FOR,Analyst,2020-03-01,Band_4
person_699,company_99,WORKS_FOR,Coordinator,2020-04-01,Band_5
person_700,company_0,WORKS_FOR,Engineer,2020-05-01,Band_1
person_701,company_1,WORKS_FOR,Manager,2020-06-01,Band_2
person_702,company_2,WORKS_FOR,Director,2020-07-01,Band_3
person_703,company_3,WORKS_FOR,Analyst,2020-08-01,Band_4
person_704,company_4,WORKS_FOR,Coordinator,2020-09-01,Band_5
person_705,company_5,WORKS_FOR,Engineer,2020-10-01,Band_1
person_706,company_6,WORKS_FOR,Manager,2020-11-01,Band_2
person_707,company_7,WORKS_FOR,Director,2020-12-01,Band_3
person_708,company_8,WORKS_FOR,Analyst,2020-01-01,Band_4
person_709,company_9,WORKS_FOR,Coordinator,2020-02-01,Band_5
person_710,company_10,WORKS_FOR,Engineer,2020-03-01,Band_1
person_711,company_11,WORKS_FOR,Manager,2020-04-01,Band_2
person_712,company_12,WORKS_FOR,Director,2020-05-01,Band_3
person_713,company_13,WORKS_FOR,Analyst,2020-06-01,Band_4
person_714,company_14,WORKS_FOR,Coordinator,2020-07-01,Band_5
person_715,company_15,WORKS_FOR,Engineer,2020-08-01,Band_1
person_716,company_16,WORKS_FOR,Manager,2020-09-01,Band_2
person_717,company_17,WORKS_FOR,Director,2020-10-01,Band_3
person_718,company_18,WORKS_FOR,Analyst,2020-11-01,Band_4
person_719,company_19,WORKS_FOR,Coordinator,2020-12-01,Band_5
person_720,company_20,WORKS_FOR,Engineer,2020-01-01,Band_1
person_721,company_21,WORKS_FOR,Manager,2020-02-01,Band_2
person_722,company_22,WORKS_FOR,Director,2020-03-01,Band_3
person_723,company_23,WORKS_FOR,Analyst,2020-04-01,Band_4
person_724,company_24,WORKS_FOR,Coordinator,2020-05-01,Band_5
person_725,company_25,WORKS_FOR,Engineer,2020-06-01,Band_1
person_726,company_26,WORKS_FOR,Manager,2020-07-01,Band_2
person_727,company_27,WORKS_FOR,Director,2020-08-01,Band_3
person_728,company_28,WORKS_FOR,Analyst,2020-09-01,Band_4
person_729,company_29,WORKS_FOR,Coordinator,2020-10-01,Band_5
person_730,company_30,WORKS_FOR,Engineer,2020-11-01,Band_1
person_731,company_31,WORKS_FOR,Manager,2020-12-01,Band_2
person_732,company_32,WORKS_FOR,Director,2020-01-01,Band_3
person_733,company_33,WORKS_FOR,Analyst,2020-02-01,Band_4
person_734,company_34,WORKS_FOR,Coordinator,2020-03-01,Band_5
person_735,company_35,WORKS_FOR,Engineer,2020-04-01,Band_1
person_736,company_36,WORKS_FOR,Manager,2020-05-01,Band_2
person_737,company_37,WORKS_FOR,Director,2020-06-01,Band_3
person_738,company_38,WORKS_FOR,Analyst,2020-07-01,Band_4
person_739,company_39,WORKS_FOR,Coordinator,2020-08-01,Band_5
person_740,company_40,WORKS_FOR,Engineer,2020-09-01,Band_1
person_741,company_41,WORKS_FOR,Manager,2020-10-01,Band_2
person_742,company_42,WORKS_FOR,Director,2020-11-01,Band_3
person_743,company_43,WORKS_FOR,Analyst,2020-12-01,Band_4
person_744,company_44,WORKS_FOR,Coordinator,2020-01-01,Band_5
person_745,company_45,WORKS_FOR,Engineer,2020-02-01,Band_1
person_746,company_46,WORKS_FOR,Manager,2020-03-01,Band_2
person_747,company_47,WORKS_FOR,Director,2020-04-01,Band_3
person_748,company_48,WORKS_FOR,Analyst,2020-05-01,Band_4
person_749,company_49,WORKS_FOR,Coordinator,2020-06-01,Band_5
person_750,company_50,WORKS_FOR,Engineer,2020-07-01,Band_1
person_751,company_51,WORKS_FOR,Manager,2020-08-01,Band_2
person_752,company_52,WORKS_FOR,Director,2020-09-01,Band_3
person_753,company_53,WORKS_FOR,Analyst,2020-10-01,Band_4
person_754,company_54,WORKS_FOR,Coordinator,2020-11-01,Band_5
person_755,company_55,WORKS_FOR,Engineer,2020-12-01,Band_1
person_756,company_56,WORKS_FOR,Manager,2020-01-01,Band_2
person_757,company_57,WORKS_FOR,Director,2020-02-01,Band_3
person_758,company_58,WORKS_FOR,Analyst,2020-03-01,Band_4
person_759,company_59,WORKS_FOR,Coordinator,2020-04-01,Band_5
person_760,company_60,WORKS_FOR,Engineer,2020-05-01,Band_1
person_761,company_61,WORKS_FOR,Manager,2020-06-01,Band_2
person_762,company_62,WORKS_FOR,Director,2020-07-01,Band_3
person_763,company_63,WORKS_FOR,Analyst,2020-08-01,Band_4
person_764,company_64,WORKS_FOR,Coordinator,2020-09-01,Band_5
person_765,company_65,WORKS_FOR,Engineer,2020-10-01,Band_1
person_766,company_66,WORKS_FOR,Manager,2020-11-01,Band_2
person_767,company_67,WORKS_FOR,Director,2020-12-01,Band_3
person_768,company_68,WORKS_FOR,Analyst,2020-01-01,Band_4
person_769,company_69,WORKS_FOR,Coordinator,2020-02-01,Band_5
person_770,company_70,WORKS_FOR,Engineer,2020-03-01,Band_1
person_771,company_71,WORKS_FOR,Manager,2020-04-01,Band_2
person_772,company_72,WORKS_FOR,Director,2020-05-01,Band_3
person_773,company_73,WORKS_FOR,Analyst,2020-06-01,Band_4
person_774,company_74,WORKS_FOR,Coordinator,2020-07-01,Band_5
person_775,company_75,WORKS_FOR,Engineer,2020-08-01,Band_1
person_776,company_76,WORKS_FOR,Manager,2020-09-01,Band_2
person_777,company_77,WORKS_FOR,Director,2020-10-01,Band_3
person_778,company_78,WORKS_FOR,Analyst,2020-11-01,Band_4
person_779,company_79,WORKS_FOR,Coordinator,2020-12-01,Band_5
person_780,company_80,WORKS_FOR,Engineer,2020-01-01,Band_1
person_781,company_81,WORKS_FOR,Manager,2020-02-01,Band_2
person_782,company_82,WORKS_FOR,Director,2020-03-01,Band_3
person_783,company_83,WORKS_FOR,Analyst,2020-04-01,Band_4
person_784,company_84,WORKS_FOR,Coordinator,2020-05-01,Band_5
person_785,company_85,WORKS_FOR,Engineer,2020-06-01,Band_1
person_786,company_86,WORKS_FOR,Manager,2020-07-01,Band_2
person_787,company_87,WORKS_FOR,Director,2020-08-01,Band_3
person_788,company_88,WORKS_FOR,Analyst,2020-09-01,Band_4
person_789,company_89,WORKS_FOR,Coordinator,2020-10-01,Band_5
person_790,company_90,WORKS_FOR,Engineer,2020-11-01,Band_1
person_791,company_91,WORKS_FOR,Manager,2020-12-01,Band_2
person_792,company_92,WORKS_FOR,Director,2020-01-01,Band_3
person_793,company_93,WORKS_FOR,Analyst,2020-02-01,Band_4
person_794,company_94,WORKS_FOR,Coordinator,2020-03-01,Band_5
person_795,company_95,WORKS_FOR,Engineer,2020-04-01,Band_1
person_796,company_96,WORKS_FOR,Manager,2020-05-01,Band_2
person_797,company_97,WORKS_FOR,Director,2020-06-01,Band_3
person_798,company_98,WORKS_FOR,Analyst,2020-07-01,Band_4
person_799,company_99,WORKS_FOR,Coordinator,2020-08-01,Band_5
person_800,company_0,WORKS_FOR,Engineer,2020-09-01,Band_1
person_801,company_1,WORKS_FOR,Manager,2020-10-01,Band_2
person_802,company_2,WORKS_FOR,Director,2020-11-01,Band_3
person_803,company_3,WORKS_FOR,Analyst,2020-12-01,Band_4
person_804,company_4,WORKS_FOR,Coordinator,2020-01-01,Band_5
person_805,company_5,WORKS_FOR,Engineer,2020-02-01,Band_1
person_806,company_6,WORKS_FOR,Manager,2020-03-01,Band_2
person_807,company_7,WORKS_FOR,Director,2020-04-01,Band_3
person_808,company_8,WORKS_FOR,Analyst,2020-05-01,Band_4
person_809,company_9,WORKS_FOR,Coordinator,2020-06-01,Band_5
person_810,company_10,WORKS_FOR,Engineer,2020-07-01,Band_1
person_811,company_11,WORKS_FOR,Manager,2020-08-01,Band_2
person_812,company_12,WORKS_FOR,Director,2020-09-01,Band_3
person_813,company_13,WORKS_FOR,Analyst,2020-10-01,Band_4
person_814,company_14,WORKS_FOR,Coordinator,2020-11-01,Band_5
person_815,company_15,WORKS_FOR,Engineer,2020-12-01,Band_1
person_816,company_16,WORKS_FOR,Manager,2020-01-01,Band_2
person_817,company_17,WORKS_FOR,Director,2020-02-01,Band_3
person_818,company_18,WORKS_FOR,Analyst,2020-03-01,Band_4
person_819,company_19,WORKS_FOR,Coordinator,2020-04-01,Band_5
person_820,company_20,WORKS_FOR,Engineer,2020-05-01,Band_1
person_821,company_21,WORKS_FOR,Manager,2020-06-01,Band_2
person_822,company_22,WORKS_FOR,Director,2020-07-01,Band_3
person_823,company_23,WORKS_FOR,Analyst,2020-08-01,Band_4
person_824,company_24,WORKS_FOR,Coordinator,2020-09-01,Band_5
person_825,company_25,WORKS_FOR,Engineer,2020-10-01,Band_1
person_826,company_26,WORKS_FOR,Manager,2020-11-01,Band_2
person_827,company_27,WORKS_FOR,Director,2020-12-01,Band_3
person_828,company_28,WORKS_FOR,Analyst,2020-01-01,Band_4
person_829,company_29,WORKS_FOR,Coordinator,2020-02-01,Band_5
person_830,company_30,WORKS_FOR,Engineer,2020-03-01,Band_1
person_831,company_31,WORKS_FOR,Manager,2020-04-01,Band_2
person_832,company_32,WORKS_FOR,Director,2020-05-01,Band_3
person_833,company_33,WORKS_FOR,Analyst,2020-06-01,Band_4
person_834,company_34,WORKS_FOR,Coordinator,2020-07-01,Band_5
person_835,company_35,WORKS_FOR,Engineer,2020-08-01,Band_1
person_836,company_36,WORKS_FOR,Manager,2020-09-01,Band_2
person_837,company_37,WORKS_FOR,Director,2020-10-01,Band_3
person_838,company_38,WORKS_FOR,Analyst,2020-11-01,Band_4
person_839,company_39,WORKS_FOR,Coordinator,2020-12-01,Band_5
person_840,company_40,WORKS_FOR,Engineer,2020-01-01,Band_1
person_841,company_41,WORKS_FOR,Manager,2020-02-01,Band_2
person_842,company_42,WORKS_FOR,Director,2020-03-01,Band_3
person_843,company_43,WORKS_FOR,Analyst,2020-04-01,Band_4
person_844,company_44,WORKS_FOR,Coordinator,2020-05-01,Band_5
person_845,company_45,WORKS_FOR,Engineer,2020-06-01,Band_1
person_846,company_46,WORKS_FOR,Manager,2020-07-01,Band_2
person_847,company_47,WORKS_FOR,Director,2020-08-01,Band_3
person_848,company_48,WORKS_FOR,Analyst,2020-09-01,Band_4
person_849,company_49,WORKS_FOR,Coordinator,2020-10-01,Band_5
person_850,company_50,WORKS_FOR,Engineer,2020-11-01,Band_1
person_851,company_51,WORKS_FOR,Manager,2020-12-01,Band_2
person_852,company_52,WORKS_FOR,Director,2020-01-01,Band_3
person_853,company_53,WORKS_FOR,Analyst,2020-02-01,Band_4
person_854,company_54,WORKS_FOR,Coordinator,2020-03-01,Band_5
person_855,company_55,WORKS_FOR,Engineer,2020-04-01,Band_1
person_856,company_56,WORKS_FOR,Manager,2020-05-01,Band_2
person_857,company_57,WORKS_FOR,Director,2020-06-01,Band_3
person_858,company_58,WORKS_FOR,Analyst,2020-07-01,Band_4
person_859,company_59,WORKS_FOR,Coordinator,2020-08-01,Band_5
person_860,company_60,WORKS_FOR,Engineer,2020-09-01,Band_1
person_861,company_61,WORKS_FOR,Manager,2020-10-01,Band_2
person_862,company_62,WORKS_FOR,Director,2020-11-01,Band_3
person_863,company_63,WORKS_FOR,Analyst,2020-12-01,Band_4
person_864,company_64,WORKS_FOR,Coordinator,2020-01-01,Band_5
person_865,company_65,WORKS_FOR,Engineer,2020-02-01,Band_1
person_866,company_66,WORKS_FOR,Manager,2020-03-01,Band_2
person_867,company_67,WORKS_FOR,Director,2020-04-01,Band_3
person_868,company_68,WORKS_FOR,Analyst,2020-05-01,Band_4
person_869,company_69,WORKS_FOR,Coordinator,2020-06-01,Band_5
person_870,company_70,WORKS_FOR,Engineer,2020-07-01,Band_1
person_871,company_71,WORKS_FOR,Manager,2020-08-01,Band_2
person_872,company_72,WORKS_FOR,Director,2020-09-01,Band_3
person_873,company_73,WORKS_FOR,Analyst,2020-10-01,Band_4
person_874,company_74,WORKS_FOR,Coordinator,2020-11-01,Band_5
person_875,company_75,WORKS_FOR,Engineer,2020-12-01,Band_1
person_876,company_76,WORKS_FOR,Manager,2020-01-01,Band_2
person_877,company_77,WORKS_FOR,Director,2020-02-01,Band_3
person_878,company_78,WORKS_FOR,Analyst,2020-03-01,Band_4
person_879,company_79,WORKS_FOR,Coordinator,2020-04-01,Band_5
person_880,company_80,WORKS_FOR,Engineer,2020-05-01,Band_1
person_881,company_81,WORKS_FOR,Manager,2020-06-01,Band_2
person_882,company_82,WORKS_FOR,Director,2020-07-01,Band_3
person_883,company_83,WORKS_FOR,Analyst,2020-08-01,Band_4
person_884,company_84,WORKS_FOR,Coordinator,2020-09-01,Band_5
person_885,company_85,WORKS_FOR,Engineer,2020-10-01,Band_1
person_886,company_86,WORKS_FOR,Manager,2020-11-01,Band_2
person_887,company_87,WORKS_FOR,Director,2020-12-01,Band_3
person_888,company_88,WORKS_FOR,Analyst,2020-01-01,Band_4
person_889,company_89,WORKS_FOR,Coordinator,2020-02-01,Band_5
person_890,company_90,WORKS_FOR,Engineer,2020-03-01,Band_1
person_891,company_91,WORKS_FOR,Manager,2020-04-01,Band_2
person_892,company_92,WORKS_FOR,Director,2020-05-01,Band_3
person_893,company_93,WORKS_FOR,Analyst,2020-06-01,Band_4
person_894,company_94,WORKS_FOR,Coordinator,2020-07-01,Band_5
person_895,company_95,WORKS_FOR,Engineer,2020-08-01,Band_1
person_896,company_96,WORKS_FOR,Manager,2020-09-01,Band_2
person_897,company_97,WORKS_FOR,Director,2020-10-01,Band_3
person_898,company_98,WORKS_FOR,Analyst,2020-11-01,Band_4
person_899,company_99,WORKS_FOR,Coordinator,2020-12-01,Band_5
person_900,company_0,WORKS_FOR,Engineer,2020-01-01,Band_1
person_901,company_1,WORKS_FOR,Manager,2020-02-01,Band_2
person_902,company_2,WORKS_FOR,Director,2020-03-01,Band_3
person_903,company_3,WORKS_FOR,Analyst,2020-04-01,Band_4
person_904,company_4,WORKS_FOR,Coordinator,2020-05-01,Band_5
person_905,company_5,WORKS_FOR,Engineer,2020-06-01,Band_1
person_906,company_6,WORKS_FOR,Manager,2020-07-01,Band_2
person_907,company_7,WORKS_FOR,Director,2020-08-01,Band_3
person_908,company_8,WORKS_FOR,Analyst,2020-09-01,Band_4
person_909,company_9,WORKS_FOR,Coordinator,2020-10-01,Band_5
person_910,company_10,WORKS_FOR,Engineer,2020-11-01,Band_1
person_911,company_11,WORKS_FOR,Manager,2020-12-01,Band_2
person_912,company_12,WORKS_FOR,Director,2020-01-01,Band_3
person_913,company_13,WORKS_FOR,Analyst,2020-02-01,Band_4
person_914,company_14,WORKS_FOR,Coordinator,2020-03-01,Band_5
person_915,company_15,WORKS_FOR,Engineer,2020-04-01,Band_1
person_916,company_16,WORKS_FOR,Manager,2020-05-01,Band_2
person_917,company_17,WORKS_FOR,Director,2020-06-01,Band_3
person_918,company_18,WORKS_FOR,Analyst,2020-07-01,Band_4
person_919,company_19,WORKS_FOR,Coordinator,2020-08-01,Band_5
person_920,company_20,WORKS_FOR,Engineer,2020-09-01,Band_1
person_921,company_21,WORKS_FOR,Manager,2020-10-01,Band_2
person_922,company_22,WORKS_FOR,Director,2020-11-01,Band_3
person_923,company_23,WORKS_FOR,Analyst,2020-12-01,Band_4
person_924,company_24,WORKS_FOR,Coordinator,2020-01-01,Band_5
person_925,company_25,WORKS_FOR,Engineer,2020-02-01,Band_1
person_926,company_26,WORKS_FOR,Manager,2020-03-01,Band_2
person_927,company_27,WORKS_FOR,Director,2020-04-01,Band_3
person_928,company_28,WORKS_FOR,Analyst,2020-05-01,Band_4
person_929,company_29,WORKS_FOR,Coordinator,2020-06-01,Band_5
person_930,company_30,WORKS_FOR,Engineer,2020-07-01,Band_1
person_931,company_31,WORKS_FOR,Manager,2020-08-01,Band_2
person_932,company_32,WORKS_FOR,Director,2020-09-01,Band_3
person_933,company_33,WORKS_FOR,Analyst,2020-10-01,Band_4
person_934,company_34,WORKS_FOR,Coordinator,2020-11-01,Band_5
person_935,company_35,WORKS_FOR,Engineer,2020-12-01,Band_1
person_936,company_36,WORKS_FOR,Manager,2020-01-01,Band_2
person_937,company_37,WORKS_FOR,Director,2020-02-01,Band_3
person_938,company_38,WORKS_FOR,Analyst,2020-03-01,Band_4
person_939,company_39,WORKS_FOR,Coordinator,2020-04-01,Band_5
person_940,company_40,WORKS_FOR,Engineer,2020-05-01,Band_1
person_941,company_41,WORKS_FOR,Manager,2020-06-01,Band_2
person_942,company_42,WORKS_FOR,Director,2020-07-01,Band_3
person_943,company_43,WORKS_FOR,Analyst,2020-08-01,Band_4
person_944,company_44,WORKS_FOR,Coordinator,2020-09-01,Band_5
person_945,company_45,WORKS_FOR,Engineer,2020-10-01,Band_1
person_946,company_46,WORKS_FOR,Manager,2020-11-01,Band_2
person_947,company_47,WORKS_FOR,Director,2020-12-01,Band_3
person_948,company_48,WORKS_FOR,Analyst,2020-01-01,Band_4
person_949,company_49,WORKS_FOR,Coordinator,2020-02-01,Band_5
person_950,company_50,WORKS_FOR,Engineer,2020-03-01,Band_1
person_951,company_51,WORKS_FOR,Manager,2020-04-01,Band_2
person_952,company_52,WORKS_FOR,Director,2020-05-01,Band_3
person_953,company_53,WORKS_FOR,Analyst,2020-06-01,Band_4
person_954,company_54,WORKS_FOR,Coordinator,2020-07-01,Band_5
person_955,company_55,WORKS_FOR,Engineer,2020-08-01,Band_1
person_956,company_56,WORKS_FOR,Manager,2020-09-01,Band_2
person_957,company_57,WORKS_FOR,Director,2020-10-01,Band_3
person_958,company_58,WORKS_FOR,Analyst,2020-11-01,Band_4
person_959,company_59,WORKS_FOR,Coordinator,2020-12-01,Band_5
person_960,company_60,WORKS_FOR,Engineer,2020-01-01,Band_1
person_961,company_61,WORKS_FOR,Manager,2020-02-01,Band_2
person_962,company_62,WORKS_FOR,Director,2020-03-01,Band_3
person_963,company_63,WORKS_FOR,Analyst,2020-04-01,Band_4
person_964,company_64,WORKS_FOR,Coordinator,2020-05-01,Band_5
person_965,company_65,WORKS_FOR,Engineer,2020-06-01,Band_1
person_966,company_66,WORKS_FOR,Manager,2020-07-01,Band_2
person_967,company_67,WORKS_FOR,Director,2020-08-01,Band_3
person_968,company_68,WORKS_FOR,Analyst,2020-09-01,Band_4
person_969,company_69,WORKS_FOR,Coordinator,2020-10-01,Band_5
person_970,company_70,WORKS_FOR,Engineer,2020-11-01,Band_1
person_971,company_71,WORKS_FOR,Manager,2020-12-01,Band_2
person_972,company_72,WORKS_FOR,Director,2020-01-01,Band_3
person_973,company_73,WORKS_FOR,Analyst,2020-02-01,Band_4
person_974,company_74,WORKS_FOR,Coordinator,2020-03-01,Band_5
person_975,company_75,WORKS_FOR,Engineer,2020-04-01,Band_1
person_976,company_76,WORKS_FOR,Manager,2020-05-01,Band_2
person_977,company_77,WORKS_FOR,Director,2020-06-01,Band_3
person_978,company_78,WORKS_FOR,Analyst,2020-07-01,Band_4
person_979,company_79,WORKS_FOR,Coordinator,2020-08-01,Band_5
person_980,company_80,WORKS_FOR,Engineer,2020-09-01,Band_1
person_981,company_81,WORKS_FOR,Manager,2020-10-01,Band_2
person_982,company_82,WORKS_FOR,Director,2020-11-01,Band_3
person_983,company_83,WORKS_FOR,Analyst,2020-12-01,Band_4
person_984,company_84,WORKS_FOR,Coordinator,2020-01-01,Band_5
person_985,company_85,WORKS_FOR,Engineer,2020-02-01,Band_1
person_986,company_86,WORKS_FOR,Manager,2020-03-01,Band_2
person_987,company_87,WORKS_FOR,Director,2020-04-01,Band_3
person_988,company_88,WORKS_FOR,Analyst,2020-05-01,Band_4
person_989,company_89,WORKS_FOR,Coordinator,2020-06-01,Band_5
person_990,company_90,WORKS_FOR,Engineer,2020-07-01,Band_1
person_991,company_91,WORKS_FOR,Manager,2020-08-01,Band_2
person_992,company_92,WORKS_FOR,Director,2020-09-01,Band_3
person_993,company_93,WORKS_FOR,Analyst,2020-10-01,Band_4
person_994,company_94,WORKS_FOR,Coordinator,2020-11-01,Band_5
person_995,company_95,WORKS_FOR,Engineer,2020-12-01,Band_1
person_996,company_96,WORKS_FOR,Manager,2020-01-01,Band_2
person_997,company_97,WORKS_FOR,Director,2020-02-01,Band_3
person_998,company_98,WORKS_FOR,Analyst,2020-03-01,Band_4
person_999,company_99,WORKS_FOR,Coordinator,2020-04-01,Band_5
