person1,person2,since,closeness
person_654,person_114,2015-12-01,casual
person_250,person_228,2016-12-01,close
person_692,person_758,2019-02-01,professional
person_432,person_32,2015-02-01,close
person_238,person_517,2019-01-01,professional
person_203,person_733,2019-07-01,close
person_459,person_603,2017-01-01,close
person_714,person_432,2017-05-01,close
person_220,person_980,2017-02-01,close
person_389,person_99,2017-06-01,professional
person_270,person_826,2015-12-01,casual
person_549,person_127,2018-02-01,professional
person_300,person_849,2019-06-01,professional
person_196,person_721,2015-01-01,professional
person_233,person_791,2017-02-01,close
person_887,person_103,2018-05-01,casual
person_650,person_854,2017-03-01,casual
person_363,person_214,2017-12-01,professional
person_663,person_73,2019-11-01,close
person_546,person_746,2016-03-01,casual
person_388,person_276,2019-04-01,professional
person_332,person_863,2015-04-01,close
person_824,person_323,2018-05-01,close
person_216,person_935,2019-12-01,casual
person_217,person_671,2018-07-01,professional
person_469,person_146,2017-03-01,close
person_762,person_574,2019-05-01,professional
person_598,person_438,2019-07-01,casual
person_224,person_141,2019-08-01,close
person_773,person_48,2015-03-01,professional
person_163,person_811,2018-10-01,close
person_394,person_390,2019-08-01,professional
person_257,person_994,2019-01-01,professional
person_738,person_117,2019-05-01,professional
person_348,person_114,2017-07-01,close
person_464,person_3,2017-09-01,close
person_519,person_934,2015-11-01,casual
person_861,person_654,2019-10-01,close
person_156,person_382,2016-09-01,professional
person_940,person_0,2019-06-01,casual
person_19,person_114,2017-05-01,close
person_59,person_246,2019-02-01,close
person_749,person_497,2015-09-01,close
person_131,person_675,2018-09-01,close
person_271,person_540,2019-07-01,close
person_951,person_552,2016-12-01,casual
person_408,person_687,2017-08-01,professional
person_462,person_123,2016-04-01,close
person_346,person_21,2019-09-01,close
person_602,person_225,2015-02-01,professional
person_646,person_60,2016-02-01,close
person_880,person_338,2015-09-01,close
person_285,person_685,2018-04-01,professional
person_135,person_740,2019-10-01,casual
person_248,person_803,2018-07-01,close
person_96,person_99,2018-06-01,casual
person_420,person_478,2015-11-01,professional
person_661,person_100,2015-07-01,professional
person_347,person_819,2015-04-01,close
person_194,person_549,2018-03-01,casual
person_187,person_285,2018-04-01,close
person_453,person_827,2019-02-01,close
person_667,person_553,2015-02-01,close
person_170,person_416,2018-08-01,close
person_885,person_410,2015-03-01,casual
person_2,person_399,2017-08-01,casual
person_433,person_713,2019-11-01,professional
person_498,person_158,2016-05-01,close
person_991,person_59,2019-12-01,professional
person_62,person_765,2017-01-01,close
person_598,person_488,2019-09-01,close
person_58,person_983,2019-02-01,close
person_70,person_609,2015-11-01,close
person_413,person_122,2019-04-01,professional
person_608,person_40,2019-02-01,casual
person_673,person_597,2019-09-01,casual
person_957,person_267,2016-11-01,professional
person_321,person_244,2017-07-01,close
person_687,person_660,2017-08-01,casual
person_951,person_769,2015-01-01,casual
person_636,person_576,2015-02-01,professional
person_218,person_518,2017-03-01,casual
person_902,person_70,2016-06-01,casual
person_161,person_448,2019-12-01,casual
person_626,person_826,2019-01-01,professional
person_836,person_567,2017-11-01,close
person_961,person_899,2016-05-01,close
person_911,person_109,2019-03-01,casual
person_288,person_619,2016-12-01,casual
person_208,person_703,2017-09-01,casual
person_257,person_927,2015-02-01,professional
person_433,person_849,2017-01-01,close
person_341,person_789,2016-11-01,casual
person_165,person_759,2018-09-01,professional
person_437,person_574,2015-02-01,close
person_967,person_904,2016-09-01,close
person_854,person_378,2019-09-01,close
person_440,person_130,2015-05-01,casual
person_920,person_955,2015-06-01,close
person_698,person_255,2015-06-01,professional
person_905,person_895,2018-10-01,professional
person_158,person_947,2016-03-01,close
person_902,person_422,2015-03-01,professional
person_946,person_340,2018-11-01,professional
person_830,person_254,2017-03-01,professional
person_110,person_391,2015-08-01,close
person_204,person_836,2018-06-01,casual
person_840,person_814,2016-04-01,close
person_675,person_197,2018-06-01,casual
person_885,person_71,2017-06-01,professional
person_521,person_409,2019-06-01,close
person_118,person_898,2017-03-01,professional
person_985,person_271,2015-02-01,professional
person_444,person_353,2017-07-01,professional
person_523,person_118,2018-10-01,close
person_260,person_45,2018-01-01,professional
person_947,person_825,2019-11-01,professional
person_962,person_759,2016-06-01,casual
person_71,person_971,2017-10-01,casual
person_679,person_868,2015-12-01,casual
person_519,person_316,2018-06-01,casual
person_713,person_302,2019-03-01,close
person_430,person_680,2018-11-01,professional
person_924,person_178,2019-10-01,casual
person_415,person_561,2015-05-01,casual
person_215,person_440,2019-10-01,professional
person_329,person_476,2018-08-01,professional
person_218,person_523,2018-12-01,close
person_674,person_86,2017-09-01,professional
person_648,person_634,2017-02-01,close
person_688,person_317,2016-04-01,close
person_25,person_47,2016-08-01,professional
person_870,person_786,2015-08-01,casual
person_907,person_644,2019-04-01,professional
person_713,person_393,2018-07-01,close
person_151,person_671,2015-02-01,casual
person_224,person_180,2019-08-01,close
person_570,person_255,2015-08-01,close
person_820,person_475,2019-09-01,professional
person_324,person_972,2018-10-01,professional
person_913,person_516,2018-09-01,casual
person_918,person_162,2018-08-01,casual
person_769,person_253,2017-09-01,casual
person_641,person_244,2017-08-01,close
person_730,person_292,2016-05-01,casual
person_327,person_914,2019-02-01,close
person_154,person_236,2018-12-01,close
person_723,person_219,2015-07-01,casual
person_338,person_555,2018-07-01,close
person_211,person_852,2018-07-01,professional
person_968,person_712,2015-10-01,casual
person_488,person_6,2017-05-01,casual
person_873,person_913,2018-09-01,professional
person_752,person_559,2019-04-01,casual
person_224,person_279,2018-08-01,close
person_398,person_344,2018-12-01,close
person_860,person_478,2016-10-01,professional
person_27,person_928,2018-10-01,professional
person_678,person_27,2015-11-01,casual
person_138,person_887,2018-03-01,close
person_266,person_388,2017-04-01,casual
person_334,person_345,2018-05-01,casual
person_258,person_854,2015-08-01,close
person_767,person_552,2015-06-01,close
person_665,person_70,2015-01-01,close
person_204,person_859,2015-10-01,close
person_244,person_129,2018-11-01,close
person_577,person_970,2016-08-01,professional
person_262,person_785,2017-03-01,professional
person_621,person_986,2015-03-01,casual
person_110,person_592,2015-05-01,professional
person_693,person_929,2018-07-01,professional
person_203,person_77,2019-12-01,professional
person_248,person_104,2017-11-01,professional
person_824,person_123,2019-01-01,casual
person_545,person_438,2017-02-01,professional
person_663,person_349,2015-07-01,casual
person_108,person_443,2017-11-01,casual
person_724,person_156,2018-03-01,professional
person_534,person_988,2017-10-01,professional
person_793,person_495,2018-07-01,professional
person_606,person_274,2017-04-01,close
person_285,person_902,2018-04-01,casual
person_583,person_624,2018-06-01,close
person_506,person_871,2017-03-01,casual
person_217,person_363,2017-06-01,casual
person_901,person_610,2017-09-01,close
person_529,person_970,2016-02-01,close
person_737,person_416,2018-09-01,close
person_707,person_487,2018-08-01,close
person_95,person_301,2016-07-01,professional
person_249,person_313,2019-06-01,casual
person_566,person_543,2017-07-01,professional
person_563,person_338,2017-12-01,casual
person_277,person_313,2017-04-01,close
person_738,person_197,2017-02-01,professional
person_548,person_973,2016-04-01,close
person_756,person_495,2017-12-01,professional
person_778,person_537,2019-05-01,close
person_852,person_198,2017-04-01,casual
person_183,person_309,2015-12-01,professional
person_129,person_280,2015-01-01,professional
person_299,person_714,2016-11-01,casual
person_105,person_893,2015-10-01,casual
person_480,person_490,2018-06-01,close
person_988,person_52,2017-08-01,close
person_841,person_66,2018-08-01,close
person_590,person_644,2015-03-01,close
person_830,person_576,2017-02-01,close
person_121,person_571,2018-10-01,professional
person_809,person_633,2016-09-01,casual
person_461,person_930,2018-05-01,professional
person_439,person_312,2019-10-01,close
person_624,person_983,2015-04-01,professional
person_216,person_270,2015-03-01,close
person_177,person_565,2015-03-01,close
person_418,person_461,2019-08-01,casual
person_33,person_237,2017-12-01,casual
person_719,person_880,2018-02-01,professional
person_239,person_946,2017-11-01,professional
person_677,person_823,2016-07-01,close
person_557,person_230,2016-05-01,close
person_73,person_61,2016-05-01,professional
person_766,person_844,2019-05-01,casual
person_127,person_479,2017-12-01,casual
person_965,person_278,2019-09-01,casual
person_448,person_82,2019-01-01,casual
person_752,person_330,2019-05-01,close
person_93,person_234,2019-10-01,close
person_783,person_688,2017-10-01,close
person_781,person_774,2016-08-01,professional
person_667,person_452,2017-03-01,professional
person_446,person_650,2018-02-01,casual
person_356,person_418,2017-06-01,professional
person_107,person_878,2016-06-01,casual
person_710,person_507,2017-11-01,casual
person_833,person_778,2019-01-01,casual
person_90,person_322,2017-06-01,close
person_993,person_791,2018-09-01,close
person_673,person_890,2019-08-01,casual
person_55,person_192,2019-06-01,professional
person_774,person_510,2018-01-01,close
person_273,person_562,2016-05-01,casual
person_901,person_715,2018-02-01,close
person_996,person_645,2019-04-01,professional
person_162,person_318,2019-01-01,professional
person_417,person_95,2016-02-01,casual
person_969,person_120,2016-08-01,professional
person_298,person_521,2017-07-01,casual
person_483,person_249,2018-09-01,close
person_392,person_195,2019-09-01,professional
person_900,person_139,2015-05-01,casual
person_348,person_956,2019-05-01,close
person_289,person_743,2017-10-01,professional
person_675,person_501,2016-08-01,professional
person_495,person_353,2017-09-01,professional
person_386,person_466,2017-04-01,professional
person_244,person_585,2018-04-01,casual
person_44,person_325,2018-12-01,casual
person_395,person_679,2016-08-01,close
person_129,person_514,2019-06-01,close
person_895,person_865,2018-02-01,professional
person_932,person_467,2015-12-01,close
person_419,person_891,2016-02-01,casual
person_800,person_992,2017-06-01,professional
person_709,person_407,2015-06-01,professional
person_879,person_546,2018-06-01,professional
person_735,person_908,2018-09-01,close
person_632,person_70,2016-11-01,professional
person_943,person_294,2016-12-01,close
person_444,person_100,2015-08-01,close
person_710,person_306,2015-01-01,casual
person_815,person_57,2017-06-01,casual
person_441,person_149,2016-09-01,casual
person_579,person_698,2016-03-01,close
person_80,person_624,2018-10-01,professional
person_246,person_509,2019-03-01,close
person_472,person_653,2017-08-01,casual
person_682,person_9,2018-05-01,professional
person_559,person_161,2015-08-01,casual
person_601,person_306,2018-12-01,casual
person_467,person_865,2017-04-01,casual
person_873,person_494,2015-04-01,casual
person_585,person_367,2019-05-01,professional
person_302,person_22,2018-05-01,close
person_579,person_885,2015-10-01,professional
person_508,person_852,2017-04-01,professional
person_821,person_360,2016-11-01,close
person_635,person_256,2016-11-01,close
person_925,person_642,2015-05-01,casual
person_34,person_593,2017-12-01,close
person_92,person_931,2017-06-01,professional
person_425,person_179,2016-03-01,professional
person_897,person_994,2017-09-01,professional
person_935,person_279,2016-05-01,casual
person_990,person_825,2017-12-01,casual
person_823,person_117,2018-02-01,close
person_772,person_989,2016-11-01,professional
person_690,person_406,2019-06-01,close
person_809,person_404,2015-05-01,professional
person_126,person_465,2017-11-01,professional
person_688,person_268,2019-07-01,professional
person_962,person_380,2015-11-01,close
person_482,person_25,2019-09-01,casual
person_937,person_624,2016-11-01,close
person_650,person_843,2018-12-01,casual
person_664,person_418,2015-03-01,close
person_968,person_38,2017-08-01,close
person_99,person_240,2019-03-01,casual
person_464,person_379,2019-07-01,professional
person_760,person_744,2016-07-01,professional
person_101,person_853,2018-10-01,casual
person_961,person_974,2017-01-01,professional
person_379,person_222,2018-08-01,close
person_875,person_371,2015-11-01,casual
person_557,person_923,2017-01-01,casual
person_282,person_194,2015-08-01,close
person_678,person_217,2019-01-01,close
person_805,person_341,2016-03-01,professional
person_210,person_70,2019-04-01,professional
person_221,person_832,2016-06-01,close
person_807,person_922,2019-01-01,casual
person_879,person_148,2016-09-01,casual
person_817,person_178,2015-11-01,close
person_134,person_15,2017-04-01,professional
person_331,person_16,2016-05-01,close
person_129,person_759,2018-09-01,close
person_763,person_65,2018-08-01,casual
person_525,person_607,2015-08-01,professional
person_226,person_968,2019-01-01,professional
person_802,person_930,2019-05-01,casual
person_658,person_987,2015-01-01,casual
person_867,person_411,2018-11-01,close
person_502,person_729,2018-02-01,close
person_329,person_622,2016-02-01,close
person_281,person_639,2019-09-01,professional
person_332,person_390,2019-09-01,casual
person_464,person_517,2019-07-01,close
person_812,person_718,2015-11-01,professional
person_898,person_787,2019-12-01,close
person_440,person_462,2016-07-01,casual
person_847,person_464,2018-07-01,professional
person_97,person_320,2018-06-01,professional
person_261,person_383,2016-11-01,casual
person_68,person_93,2015-02-01,casual
person_98,person_762,2017-03-01,professional
person_61,person_600,2019-09-01,casual
person_686,person_125,2018-06-01,professional
person_963,person_768,2018-12-01,close
person_991,person_294,2019-05-01,casual
person_106,person_591,2019-04-01,close
person_672,person_493,2016-02-01,casual
person_865,person_569,2017-02-01,casual
person_587,person_231,2018-09-01,professional
person_628,person_691,2019-01-01,professional
person_951,person_673,2017-01-01,close
person_279,person_719,2017-06-01,casual
person_6,person_185,2016-10-01,professional
person_410,person_71,2016-12-01,professional
person_995,person_31,2015-12-01,professional
person_220,person_385,2018-08-01,casual
person_161,person_378,2017-12-01,casual
person_795,person_964,2019-10-01,close
person_904,person_53,2016-03-01,professional
person_50,person_690,2015-05-01,casual
person_677,person_434,2018-10-01,casual
person_424,person_279,2016-09-01,close
person_353,person_440,2015-05-01,professional
person_694,person_607,2018-09-01,professional
person_315,person_46,2016-07-01,professional
person_56,person_7,2016-05-01,close
person_785,person_140,2017-05-01,casual
person_122,person_7,2018-12-01,casual
person_179,person_132,2018-09-01,professional
person_235,person_512,2019-11-01,casual
person_73,person_406,2015-07-01,close
person_470,person_943,2015-06-01,professional
person_439,person_587,2018-12-01,professional
person_427,person_296,2015-07-01,close
person_989,person_332,2016-10-01,casual
person_851,person_706,2017-02-01,casual
person_864,person_108,2016-07-01,professional
person_410,person_536,2015-07-01,casual
person_763,person_347,2016-06-01,close
person_78,person_522,2015-09-01,professional
person_198,person_927,2017-06-01,professional
person_981,person_838,2016-04-01,close
person_149,person_262,2016-03-01,professional
person_156,person_778,2015-03-01,professional
person_505,person_475,2019-10-01,casual
person_697,person_946,2019-11-01,professional
person_639,person_330,2017-03-01,casual
person_69,person_480,2018-11-01,casual
person_815,person_281,2019-01-01,casual
person_519,person_75,2017-08-01,casual
person_38,person_58,2017-05-01,close
person_660,person_884,2015-10-01,professional
person_519,person_393,2018-10-01,professional
person_977,person_810,2015-08-01,professional
person_667,person_192,2017-10-01,casual
person_513,person_154,2015-08-01,close
person_830,person_920,2017-12-01,close
person_516,person_661,2016-01-01,close
person_724,person_448,2018-09-01,professional
person_624,person_162,2017-06-01,casual
person_396,person_418,2017-11-01,professional
person_53,person_808,2017-02-01,casual
person_96,person_571,2018-05-01,casual
person_741,person_872,2019-03-01,casual
person_83,person_596,2016-06-01,casual
person_990,person_671,2018-03-01,professional
person_725,person_960,2015-05-01,professional
person_385,person_658,2017-03-01,professional
person_719,person_848,2019-02-01,professional
person_686,person_433,2019-06-01,close
person_371,person_316,2016-04-01,casual
person_970,person_784,2018-04-01,close
person_140,person_158,2015-05-01,close
person_519,person_789,2019-12-01,professional
person_38,person_677,2017-10-01,close
person_611,person_385,2016-03-01,close
person_851,person_709,2019-03-01,professional
person_448,person_44,2018-06-01,professional
person_736,person_243,2018-10-01,casual
person_770,person_766,2018-04-01,professional
person_244,person_316,2018-04-01,casual
person_694,person_969,2019-08-01,casual
person_787,person_288,2018-09-01,professional
person_428,person_989,2016-04-01,professional
person_141,person_893,2017-01-01,professional
person_492,person_895,2017-09-01,close
person_728,person_866,2019-02-01,casual
person_85,person_781,2016-05-01,casual
person_927,person_525,2016-07-01,close
person_969,person_932,2016-08-01,casual
person_952,person_27,2018-01-01,casual
person_514,person_382,2016-07-01,close
person_383,person_229,2015-06-01,close
person_859,person_731,2017-03-01,close
person_39,person_293,2018-12-01,close
person_777,person_722,2018-08-01,professional
person_5,person_927,2015-01-01,casual
person_220,person_855,2016-09-01,professional
person_623,person_540,2018-02-01,casual
person_243,person_308,2015-01-01,close
person_429,person_654,2019-08-01,close
person_113,person_856,2018-10-01,professional
person_16,person_647,2019-10-01,close
person_735,person_147,2017-07-01,close
person_629,person_361,2016-10-01,casual
person_191,person_680,2015-09-01,casual
person_69,person_976,2019-09-01,professional
person_805,person_519,2019-01-01,casual
person_894,person_481,2015-11-01,casual
person_382,person_259,2015-06-01,close
person_353,person_246,2015-10-01,professional
person_774,person_340,2016-01-01,casual
person_559,person_346,2016-11-01,casual
person_712,person_490,2016-03-01,close
person_733,person_794,2018-01-01,casual
person_206,person_44,2016-01-01,casual
person_955,person_317,2019-07-01,professional
person_484,person_259,2015-11-01,close
person_292,person_365,2015-11-01,casual
person_279,person_127,2017-07-01,casual
person_761,person_450,2018-06-01,close
person_508,person_708,2018-06-01,professional
person_273,person_820,2015-12-01,casual
person_80,person_440,2019-03-01,professional
person_300,person_328,2015-02-01,casual
person_676,person_302,2017-08-01,professional
person_734,person_436,2016-12-01,casual
person_359,person_457,2015-12-01,casual
person_629,person_445,2017-11-01,close
person_76,person_687,2018-06-01,professional
person_820,person_767,2016-01-01,close
person_869,person_622,2018-01-01,close
person_68,person_241,2017-06-01,casual
person_972,person_580,2015-10-01,close
person_695,person_460,2017-06-01,casual
person_781,person_78,2019-03-01,professional
person_375,person_407,2017-11-01,casual
person_255,person_983,2015-01-01,professional
person_190,person_511,2019-07-01,professional
person_120,person_268,2017-12-01,casual
person_219,person_626,2017-12-01,casual
person_204,person_125,2016-02-01,casual
person_176,person_920,2018-02-01,professional
person_990,person_865,2017-11-01,casual
person_726,person_66,2019-09-01,casual
person_912,person_307,2016-12-01,professional
person_949,person_717,2016-06-01,professional
person_229,person_124,2016-03-01,close
person_809,person_505,2015-06-01,professional
person_586,person_377,2018-09-01,close
person_626,person_905,2015-02-01,casual
person_407,person_734,2018-09-01,casual
person_787,person_419,2019-02-01,close
person_995,person_324,2015-08-01,casual
person_696,person_529,2017-03-01,professional
person_655,person_601,2016-03-01,casual
person_514,person_932,2015-02-01,professional
person_156,person_311,2016-03-01,casual
person_957,person_726,2016-06-01,professional
person_916,person_290,2015-05-01,close
person_650,person_979,2019-05-01,close
person_640,person_310,2019-09-01,close
person_514,person_656,2016-10-01,professional
person_157,person_175,2019-12-01,professional
person_345,person_862,2019-01-01,close
person_83,person_46,2019-05-01,professional
person_215,person_785,2019-07-01,professional
person_654,person_31,2018-11-01,professional
person_296,person_657,2017-08-01,close
person_824,person_826,2018-05-01,casual
person_74,person_705,2015-03-01,casual
person_425,person_495,2018-04-01,casual
person_621,person_147,2017-12-01,casual
person_751,person_881,2017-07-01,close
person_778,person_379,2019-09-01,close
person_326,person_247,2018-02-01,casual
person_460,person_253,2016-02-01,close
person_297,person_968,2018-10-01,casual
person_254,person_985,2016-06-01,professional
person_738,person_320,2016-03-01,casual
person_527,person_478,2018-05-01,casual
person_23,person_92,2018-09-01,casual
person_989,person_246,2016-10-01,casual
person_49,person_51,2017-08-01,professional
person_903,person_863,2018-05-01,professional
person_8,person_867,2015-07-01,close
person_903,person_270,2017-07-01,casual
person_46,person_410,2015-10-01,professional
person_199,person_371,2019-05-01,close
person_395,person_516,2018-09-01,casual
person_845,person_638,2019-02-01,close
person_998,person_99,2018-06-01,casual
person_571,person_961,2017-03-01,close
person_616,person_521,2018-09-01,close
person_46,person_39,2016-12-01,casual
person_823,person_485,2019-08-01,close
person_620,person_914,2019-03-01,casual
person_953,person_627,2017-03-01,casual
person_631,person_757,2017-10-01,casual
person_519,person_848,2019-09-01,casual
person_725,person_576,2017-08-01,close
person_377,person_339,2015-07-01,professional
person_315,person_815,2015-10-01,casual
person_271,person_990,2019-10-01,close
person_738,person_52,2019-08-01,close
person_536,person_644,2019-07-01,close
person_841,person_697,2016-01-01,professional
person_970,person_717,2015-04-01,close
person_451,person_321,2018-03-01,casual
person_707,person_208,2018-09-01,professional
person_942,person_482,2015-12-01,close
person_531,person_212,2019-06-01,professional
person_489,person_538,2018-06-01,close
person_470,person_934,2019-06-01,professional
person_362,person_692,2017-10-01,casual
person_196,person_980,2016-05-01,professional
person_305,person_230,2017-05-01,professional
person_212,person_706,2018-06-01,casual
person_357,person_573,2017-05-01,close
person_587,person_692,2019-07-01,casual
person_838,person_353,2016-05-01,close
person_294,person_978,2015-06-01,casual
person_671,person_262,2018-04-01,close
person_847,person_551,2017-09-01,professional
person_278,person_140,2015-10-01,professional
person_600,person_245,2016-01-01,professional
person_926,person_543,2016-11-01,close
person_53,person_102,2018-06-01,professional
person_483,person_102,2016-01-01,professional
person_951,person_161,2018-11-01,casual
person_488,person_666,2016-05-01,casual
person_292,person_661,2015-02-01,professional
person_587,person_237,2019-12-01,professional
person_870,person_959,2015-03-01,casual
person_903,person_857,2016-01-01,casual
person_806,person_507,2016-12-01,casual
person_897,person_38,2015-05-01,professional
person_617,person_109,2017-05-01,casual
person_656,person_556,2019-08-01,close
person_871,person_516,2018-05-01,close
person_828,person_115,2017-03-01,professional
person_469,person_663,2017-12-01,close
person_14,person_754,2017-05-01,professional
person_690,person_775,2016-03-01,professional
person_876,person_654,2018-07-01,professional
person_335,person_88,2018-11-01,close
person_189,person_143,2018-06-01,close
person_6,person_267,2018-04-01,casual
person_771,person_273,2017-05-01,professional
person_740,person_586,2015-05-01,professional
person_368,person_709,2016-01-01,professional
person_121,person_476,2017-03-01,casual
person_702,person_514,2017-12-01,close
person_654,person_938,2017-06-01,professional
person_226,person_224,2016-08-01,close
person_465,person_765,2019-06-01,casual
person_718,person_562,2018-09-01,professional
person_845,person_223,2016-11-01,professional
person_894,person_806,2015-09-01,casual
person_540,person_720,2017-02-01,professional
person_114,person_63,2019-09-01,close
person_586,person_549,2016-03-01,casual
person_874,person_532,2018-02-01,professional
person_210,person_734,2019-08-01,close
person_920,person_522,2018-01-01,casual
person_135,person_525,2018-08-01,professional
person_59,person_572,2018-11-01,casual
person_740,person_22,2018-05-01,close
person_763,person_223,2019-02-01,close
person_433,person_352,2015-09-01,close
person_957,person_915,2015-08-01,close
person_293,person_418,2016-03-01,professional
person_746,person_661,2018-06-01,casual
person_459,person_890,2018-07-01,close
person_699,person_987,2019-03-01,professional
person_880,person_356,2015-03-01,professional
person_402,person_541,2016-12-01,close
person_854,person_3,2015-05-01,casual
person_689,person_736,2019-07-01,professional
person_388,person_843,2016-04-01,casual
person_354,person_158,2017-04-01,professional
person_783,person_115,2015-11-01,casual
person_629,person_784,2015-04-01,close
person_68,person_103,2019-01-01,casual
person_612,person_688,2015-04-01,professional
person_45,person_411,2018-04-01,professional
person_222,person_772,2015-03-01,professional
person_296,person_239,2019-06-01,professional
person_612,person_791,2017-04-01,casual
person_897,person_146,2019-04-01,casual
person_307,person_281,2015-09-01,professional
person_900,person_752,2016-11-01,professional
person_437,person_569,2018-01-01,casual
person_964,person_658,2018-09-01,casual
person_713,person_426,2018-03-01,casual
person_385,person_188,2019-08-01,close
person_869,person_230,2017-12-01,close
person_825,person_474,2015-09-01,casual
person_991,person_426,2019-09-01,close
person_397,person_248,2017-04-01,casual
person_662,person_80,2018-06-01,close
person_548,person_741,2016-01-01,casual
person_386,person_689,2019-10-01,close
person_894,person_74,2016-10-01,professional
person_687,person_572,2016-08-01,close
person_890,person_928,2017-05-01,close
person_216,person_959,2016-12-01,close
person_764,person_772,2018-04-01,professional
person_618,person_720,2016-07-01,close
person_565,person_329,2017-07-01,casual
person_546,person_664,2017-05-01,casual
person_368,person_525,2018-08-01,close
person_822,person_739,2018-06-01,close
person_379,person_320,2018-01-01,professional
person_884,person_226,2016-01-01,casual
person_566,person_957,2019-10-01,professional
person_427,person_302,2016-04-01,casual
person_235,person_388,2019-04-01,casual
person_563,person_670,2017-05-01,casual
person_989,person_740,2018-08-01,close
person_750,person_814,2017-03-01,close
person_737,person_559,2018-03-01,professional
person_657,person_980,2015-09-01,close
person_859,person_867,2015-11-01,close
person_782,person_6,2018-03-01,professional
person_236,person_69,2016-01-01,close
person_517,person_466,2017-01-01,professional
person_653,person_682,2019-08-01,professional
person_499,person_16,2015-09-01,professional
person_421,person_12,2015-09-01,professional
person_281,person_548,2017-01-01,professional
person_832,person_714,2018-03-01,close
person_940,person_98,2019-03-01,close
person_196,person_634,2019-05-01,casual
person_273,person_814,2018-02-01,casual
person_982,person_415,2018-10-01,close
person_713,person_231,2017-11-01,close
person_669,person_878,2015-02-01,casual
person_388,person_386,2019-08-01,close
person_652,person_9,2016-02-01,casual
person_865,person_444,2017-10-01,close
person_916,person_540,2015-04-01,close
person_922,person_888,2019-08-01,casual
person_47,person_946,2015-11-01,casual
person_920,person_556,2019-11-01,close
person_183,person_951,2017-01-01,close
person_601,person_147,2018-02-01,casual
person_166,person_577,2016-10-01,casual
person_693,person_918,2019-06-01,casual
person_773,person_757,2016-12-01,professional
person_80,person_512,2017-01-01,close
person_447,person_237,2015-06-01,professional
person_787,person_628,2019-07-01,casual
person_30,person_649,2017-08-01,casual
person_233,person_364,2019-07-01,casual
person_190,person_696,2019-11-01,casual
person_87,person_790,2019-05-01,close
person_730,person_75,2015-05-01,close
person_389,person_728,2016-12-01,casual
person_324,person_369,2015-02-01,close
person_965,person_315,2018-06-01,casual
person_104,person_135,2015-03-01,casual
person_459,person_570,2019-09-01,casual
person_105,person_26,2015-06-01,professional
person_95,person_611,2019-06-01,casual
person_12,person_298,2018-07-01,close
person_742,person_922,2019-04-01,professional
person_533,person_173,2018-03-01,close
person_275,person_308,2017-08-01,close
person_64,person_171,2018-05-01,casual
person_306,person_495,2015-06-01,casual
person_966,person_252,2018-10-01,professional
person_200,person_468,2015-03-01,casual
person_6,person_971,2018-06-01,professional
person_389,person_823,2017-08-01,casual
person_440,person_835,2019-03-01,casual
person_328,person_617,2016-08-01,casual
person_181,person_987,2018-06-01,casual
person_752,person_711,2018-10-01,close
person_333,person_385,2017-07-01,casual
person_116,person_954,2019-04-01,professional
person_558,person_184,2019-01-01,professional
person_472,person_965,2016-08-01,casual
person_70,person_838,2018-11-01,casual
person_142,person_648,2017-04-01,casual
person_674,person_157,2018-07-01,close
person_459,person_612,2018-10-01,casual
person_547,person_518,2018-09-01,close
person_809,person_991,2017-12-01,professional
person_608,person_653,2015-02-01,close
person_673,person_680,2017-03-01,professional
person_627,person_45,2019-11-01,professional
person_662,person_409,2017-07-01,close
person_10,person_100,2017-04-01,professional
person_764,person_531,2019-10-01,professional
person_589,person_226,2018-06-01,casual
person_474,person_790,2019-12-01,professional
person_154,person_353,2015-08-01,close
person_302,person_425,2015-02-01,professional
person_145,person_356,2017-06-01,casual
person_803,person_211,2019-08-01,casual
person_487,person_99,2018-12-01,professional
person_463,person_326,2015-05-01,close
person_829,person_727,2015-01-01,casual
person_663,person_111,2016-12-01,close
person_528,person_178,2019-03-01,casual
person_573,person_436,2018-04-01,casual
person_644,person_188,2016-11-01,professional
person_442,person_405,2015-12-01,professional
person_904,person_202,2018-10-01,casual
person_398,person_4,2016-04-01,casual
person_770,person_720,2015-10-01,close
person_818,person_892,2019-03-01,casual
person_333,person_201,2018-02-01,casual
person_686,person_883,2018-09-01,professional
person_320,person_611,2018-10-01,casual
person_601,person_116,2017-06-01,casual
person_632,person_176,2017-10-01,professional
person_86,person_688,2016-06-01,close
person_244,person_312,2015-03-01,casual
person_710,person_144,2019-07-01,casual
person_610,person_141,2019-07-01,casual
person_190,person_498,2019-12-01,professional
person_953,person_177,2019-03-01,casual
person_295,person_143,2016-06-01,casual
person_634,person_54,2017-01-01,casual
person_139,person_199,2018-09-01,professional
person_668,person_506,2018-11-01,casual
person_425,person_727,2018-08-01,close
person_84,person_578,2015-04-01,casual
person_33,person_281,2016-09-01,casual
person_172,person_799,2018-10-01,professional
person_791,person_784,2018-09-01,professional
person_115,person_586,2015-05-01,professional
person_843,person_375,2019-01-01,professional
person_451,person_559,2016-07-01,close
person_753,person_849,2016-05-01,close
person_460,person_269,2017-02-01,casual
person_886,person_120,2016-04-01,professional
person_602,person_705,2017-12-01,professional
person_647,person_438,2016-10-01,close
person_833,person_211,2015-10-01,casual
person_545,person_287,2019-09-01,close
person_331,person_720,2017-05-01,professional
person_273,person_975,2019-11-01,close
person_138,person_985,2018-01-01,casual
person_887,person_671,2016-12-01,close
person_255,person_149,2017-04-01,professional
person_402,person_501,2016-10-01,professional
person_275,person_642,2018-07-01,casual
person_77,person_648,2015-07-01,professional
person_767,person_284,2017-08-01,casual
person_335,person_595,2015-12-01,close
person_748,person_995,2018-11-01,professional
person_714,person_366,2015-09-01,casual
person_223,person_991,2018-04-01,casual
person_274,person_330,2017-06-01,professional
person_591,person_133,2019-08-01,casual
person_915,person_698,2015-01-01,close
person_641,person_802,2018-01-01,close
person_951,person_878,2016-08-01,casual
person_0,person_981,2018-04-01,professional
person_931,person_135,2017-03-01,casual
person_95,person_670,2017-05-01,close
person_380,person_680,2016-01-01,casual
person_640,person_312,2016-07-01,professional
person_93,person_720,2015-01-01,close
person_488,person_79,2016-10-01,close
person_531,person_696,2018-01-01,close
person_712,person_351,2015-07-01,professional
person_135,person_489,2015-04-01,casual
person_91,person_748,2015-02-01,casual
person_376,person_902,2017-03-01,casual
person_792,person_832,2016-11-01,professional
person_146,person_70,2019-10-01,close
person_624,person_665,2016-08-01,casual
person_739,person_218,2016-07-01,professional
person_703,person_453,2016-02-01,close
person_143,person_770,2015-10-01,professional
person_393,person_359,2018-06-01,close
person_253,person_283,2015-04-01,professional
person_615,person_614,2019-05-01,professional
person_27,person_868,2017-04-01,professional
person_621,person_521,2016-12-01,casual
person_302,person_661,2015-04-01,casual
person_395,person_115,2016-08-01,professional
person_608,person_72,2019-01-01,casual
person_956,person_324,2016-07-01,professional
person_430,person_374,2019-11-01,close
person_781,person_482,2015-01-01,professional
person_69,person_14,2017-04-01,close
person_944,person_61,2018-09-01,casual
person_643,person_729,2019-07-01,casual
person_718,person_411,2015-11-01,professional
person_550,person_630,2016-05-01,close
person_317,person_80,2019-04-01,close
person_549,person_334,2018-10-01,professional
person_781,person_854,2015-05-01,professional
person_447,person_747,2016-01-01,close
person_88,person_946,2018-02-01,casual
person_626,person_623,2015-05-01,professional
person_759,person_673,2016-02-01,close
person_724,person_140,2015-03-01,casual
person_975,person_355,2019-09-01,professional
person_265,person_170,2017-03-01,professional
person_799,person_894,2017-12-01,close
person_789,person_921,2015-06-01,casual
person_278,person_536,2015-05-01,professional
person_998,person_590,2015-08-01,casual
person_523,person_368,2015-08-01,professional
person_170,person_376,2016-05-01,close
person_915,person_587,2015-04-01,professional
person_521,person_2,2015-01-01,close
person_47,person_483,2017-07-01,close
person_183,person_953,2015-09-01,professional
person_758,person_671,2018-04-01,casual
person_254,person_426,2017-05-01,close
person_585,person_381,2015-09-01,professional
person_923,person_53,2016-04-01,professional
person_47,person_976,2018-02-01,casual
person_886,person_289,2017-06-01,close
person_566,person_467,2015-06-01,close
person_298,person_577,2017-12-01,professional
person_248,person_475,2017-10-01,casual
person_791,person_794,2016-12-01,professional
person_778,person_815,2016-03-01,close
person_954,person_419,2015-04-01,professional
person_354,person_651,2015-06-01,close
person_777,person_673,2018-12-01,professional
person_314,person_106,2016-09-01,close
person_429,person_503,2015-03-01,professional
person_286,person_95,2015-04-01,professional
person_422,person_717,2017-08-01,professional
person_86,person_594,2015-09-01,close
person_652,person_839,2018-02-01,professional
person_581,person_63,2018-11-01,close
person_242,person_298,2017-06-01,casual
person_717,person_851,2017-06-01,casual
person_278,person_239,2015-04-01,close
person_798,person_788,2019-02-01,close
person_108,person_168,2018-08-01,casual
person_416,person_123,2019-06-01,close
person_462,person_315,2018-05-01,close
person_92,person_161,2017-12-01,professional
person_617,person_41,2016-06-01,close
person_93,person_728,2016-06-01,casual
person_525,person_50,2017-05-01,close
person_31,person_974,2018-08-01,professional
person_766,person_563,2016-02-01,casual
person_104,person_823,2016-02-01,close
person_63,person_850,2016-03-01,close
person_843,person_410,2017-11-01,professional
person_960,person_660,2015-10-01,professional
person_265,person_939,2015-01-01,close
person_202,person_924,2018-03-01,close
person_926,person_867,2017-02-01,close
person_964,person_472,2015-03-01,professional
person_443,person_841,2018-08-01,close
person_391,person_699,2018-03-01,casual
person_219,person_930,2016-05-01,casual
person_456,person_904,2016-01-01,professional
person_634,person_631,2016-11-01,casual
person_510,person_421,2019-08-01,close
person_89,person_286,2018-03-01,casual
person_204,person_658,2019-04-01,professional
person_821,person_556,2015-07-01,professional
person_367,person_491,2019-08-01,casual
person_934,person_579,2019-06-01,casual
person_276,person_184,2015-06-01,professional
person_224,person_30,2017-01-01,casual
person_542,person_366,2019-04-01,close
person_102,person_253,2016-05-01,professional
person_835,person_810,2015-04-01,professional
person_866,person_816,2018-06-01,close
person_180,person_242,2019-06-01,professional
person_714,person_367,2019-01-01,professional
person_717,person_360,2019-10-01,close
person_576,person_971,2016-08-01,professional
person_316,person_179,2018-01-01,close
person_57,person_238,2019-04-01,close
person_539,person_489,2015-06-01,professional
person_206,person_825,2016-06-01,professional
person_181,person_940,2017-01-01,close
person_151,person_600,2016-02-01,professional
person_881,person_373,2015-06-01,professional
person_964,person_678,2018-10-01,close
person_344,person_309,2017-03-01,close
person_749,person_971,2018-11-01,casual
person_664,person_324,2016-12-01,professional
person_710,person_910,2019-06-01,close
person_681,person_603,2016-07-01,casual
person_751,person_705,2017-03-01,close
person_746,person_1,2019-07-01,professional
person_33,person_186,2019-06-01,professional
person_226,person_654,2019-02-01,casual
person_144,person_339,2015-04-01,casual
person_327,person_171,2015-12-01,professional
person_654,person_746,2017-08-01,close
person_271,person_214,2016-12-01,close
person_358,person_262,2015-12-01,close
person_49,person_395,2018-12-01,casual
person_992,person_170,2018-08-01,casual
person_359,person_559,2018-02-01,casual
person_807,person_884,2019-11-01,professional
person_230,person_166,2018-02-01,close
person_301,person_20,2017-05-01,close
person_75,person_350,2016-07-01,close
person_749,person_76,2019-02-01,casual
person_608,person_628,2018-12-01,close
person_441,person_965,2016-10-01,casual
person_160,person_54,2015-06-01,close
person_997,person_194,2018-12-01,professional
person_739,person_947,2019-05-01,professional
person_288,person_304,2016-02-01,close
person_402,person_585,2019-08-01,close
person_55,person_369,2015-07-01,close
person_301,person_843,2019-08-01,close
person_99,person_26,2016-03-01,professional
person_298,person_83,2018-02-01,casual
person_803,person_407,2018-08-01,professional
person_271,person_93,2019-07-01,close
person_379,person_906,2018-06-01,close
person_456,person_45,2017-08-01,casual
person_269,person_231,2017-10-01,close
person_154,person_770,2015-02-01,professional
person_352,person_827,2019-07-01,professional
person_232,person_566,2015-07-01,professional
person_428,person_988,2019-11-01,casual
person_586,person_902,2016-08-01,casual
person_80,person_404,2015-09-01,professional
person_922,person_529,2019-11-01,professional
person_150,person_123,2018-03-01,close
person_995,person_216,2016-03-01,close
person_433,person_80,2018-04-01,professional
person_151,person_854,2019-05-01,casual
person_932,person_744,2015-02-01,casual
person_569,person_406,2019-06-01,casual
person_532,person_469,2015-12-01,professional
person_601,person_535,2018-02-01,casual
person_153,person_151,2019-10-01,professional
person_776,person_987,2015-02-01,professional
person_798,person_103,2017-09-01,casual
person_898,person_420,2017-07-01,professional
person_497,person_585,2019-08-01,close
person_176,person_282,2018-03-01,professional
person_623,person_697,2018-01-01,casual
person_910,person_900,2017-12-01,close
person_50,person_763,2018-05-01,casual
person_20,person_345,2017-05-01,casual
person_863,person_503,2015-04-01,close
person_307,person_997,2018-06-01,casual
person_746,person_426,2019-11-01,close
person_192,person_452,2016-07-01,professional
person_496,person_777,2019-06-01,close
person_527,person_810,2016-02-01,casual
person_726,person_518,2018-03-01,professional
person_900,person_582,2015-03-01,close
person_896,person_852,2016-01-01,close
person_33,person_467,2015-06-01,professional
person_203,person_280,2017-08-01,professional
person_406,person_650,2015-11-01,close
person_247,person_381,2018-10-01,casual
person_181,person_983,2018-10-01,professional
person_358,person_352,2016-05-01,professional
person_850,person_705,2015-05-01,close
person_395,person_50,2016-10-01,close
person_877,person_226,2016-11-01,close
person_275,person_667,2018-09-01,close
person_885,person_799,2015-08-01,close
person_662,person_177,2019-01-01,close
person_258,person_622,2017-12-01,professional
person_658,person_281,2018-07-01,casual
person_470,person_258,2016-08-01,casual
person_693,person_533,2019-07-01,professional
person_104,person_7,2019-11-01,casual
person_574,person_662,2019-10-01,casual
person_305,person_700,2015-08-01,close
person_344,person_283,2017-05-01,casual
person_671,person_728,2017-04-01,close
person_529,person_783,2016-01-01,professional
person_413,person_676,2017-11-01,close
person_738,person_26,2018-05-01,casual
person_928,person_428,2018-07-01,professional
person_36,person_597,2019-04-01,casual
person_743,person_730,2016-11-01,professional
person_653,person_803,2018-11-01,casual
person_519,person_307,2016-11-01,professional
person_185,person_300,2015-08-01,close
person_758,person_264,2019-03-01,professional
person_921,person_343,2015-04-01,casual
person_228,person_762,2017-07-01,casual
person_380,person_266,2019-05-01,casual
person_871,person_120,2018-01-01,professional
person_597,person_594,2019-02-01,casual
person_910,person_199,2019-02-01,professional
person_390,person_542,2017-07-01,close
person_891,person_874,2016-03-01,close
person_350,person_419,2019-08-01,close
person_323,person_883,2016-02-01,casual
person_340,person_646,2016-06-01,professional
person_59,person_4,2018-05-01,close
person_779,person_792,2016-10-01,close
person_501,person_804,2015-03-01,professional
person_444,person_648,2018-07-01,casual
person_988,person_488,2018-01-01,close
person_546,person_204,2017-01-01,casual
person_775,person_853,2019-04-01,close
person_692,person_4,2016-04-01,professional
person_898,person_352,2017-03-01,close
person_392,person_515,2019-05-01,close
person_66,person_843,2015-05-01,casual
person_466,person_745,2019-10-01,professional
person_345,person_444,2016-06-01,casual
person_367,person_768,2016-03-01,casual
person_19,person_233,2016-12-01,close
person_216,person_751,2015-10-01,professional
person_173,person_126,2017-12-01,professional
person_811,person_38,2018-11-01,casual
person_789,person_547,2019-01-01,professional
person_49,person_677,2015-11-01,close
person_49,person_706,2015-07-01,casual
person_389,person_126,2019-05-01,casual
person_718,person_156,2016-12-01,professional
person_645,person_9,2017-07-01,professional
person_103,person_678,2019-05-01,professional
person_620,person_717,2016-07-01,close
person_523,person_736,2019-02-01,casual
person_116,person_803,2015-08-01,close
person_623,person_204,2017-09-01,close
person_366,person_720,2018-05-01,close
person_40,person_561,2018-04-01,professional
person_955,person_492,2017-04-01,close
person_13,person_687,2015-02-01,professional
person_685,person_505,2016-02-01,professional
person_76,person_740,2015-05-01,professional
person_236,person_467,2017-05-01,casual
person_51,person_102,2016-01-01,casual
person_368,person_820,2017-07-01,professional
person_118,person_97,2015-01-01,close
person_679,person_662,2016-06-01,casual
person_915,person_448,2019-05-01,professional
person_95,person_381,2017-03-01,close
person_410,person_409,2018-05-01,casual
person_706,person_871,2018-07-01,professional
person_907,person_816,2016-02-01,close
person_712,person_743,2015-03-01,close
person_426,person_933,2019-08-01,professional
person_694,person_448,2016-10-01,casual
person_797,person_367,2019-01-01,professional
person_901,person_858,2016-08-01,casual
person_115,person_908,2018-08-01,close
person_64,person_267,2017-01-01,professional
person_889,person_694,2019-12-01,professional
person_741,person_578,2016-11-01,casual
person_531,person_535,2019-02-01,casual
person_677,person_744,2016-08-01,casual
person_679,person_692,2018-03-01,professional
person_913,person_627,2015-01-01,professional
person_956,person_160,2019-08-01,casual
person_890,person_169,2015-08-01,casual
person_246,person_338,2017-01-01,professional
person_228,person_563,2018-07-01,close
person_80,person_470,2018-10-01,casual
person_90,person_877,2018-08-01,casual
person_121,person_509,2015-02-01,casual
person_422,person_36,2019-09-01,close
person_845,person_93,2019-10-01,professional
person_311,person_911,2019-09-01,close
person_670,person_687,2018-06-01,casual
person_845,person_55,2016-08-01,casual
person_573,person_785,2019-10-01,casual
person_733,person_672,2017-12-01,casual
person_116,person_99,2016-01-01,casual
person_363,person_849,2017-09-01,professional
person_382,person_718,2015-01-01,close
person_504,person_143,2018-02-01,casual
person_625,person_200,2016-02-01,casual
person_220,person_468,2016-12-01,casual
person_110,person_775,2018-01-01,professional
person_857,person_688,2019-02-01,casual
person_468,person_674,2019-09-01,close
person_986,person_510,2015-09-01,professional
person_49,person_566,2018-10-01,casual
person_946,person_520,2016-12-01,professional
person_177,person_748,2016-02-01,casual
person_673,person_614,2019-06-01,professional
person_902,person_393,2018-10-01,professional
person_780,person_254,2017-07-01,casual
person_993,person_301,2018-03-01,close
person_422,person_616,2019-05-01,professional
person_560,person_881,2017-12-01,professional
person_647,person_222,2016-04-01,professional
person_731,person_297,2017-11-01,close
person_727,person_665,2016-09-01,professional
person_710,person_652,2017-12-01,close
person_779,person_360,2019-08-01,professional
person_584,person_965,2018-11-01,professional
person_915,person_861,2019-05-01,casual
person_827,person_13,2019-02-01,close
person_390,person_148,2015-11-01,close
person_204,person_273,2016-05-01,professional
person_256,person_149,2015-12-01,casual
person_208,person_771,2019-01-01,casual
person_833,person_463,2015-10-01,professional
person_757,person_575,2016-12-01,professional
person_574,person_398,2016-09-01,professional
person_294,person_709,2015-07-01,casual
person_426,person_979,2017-09-01,close
person_13,person_761,2017-04-01,professional
person_889,person_799,2018-04-01,professional
person_721,person_726,2017-10-01,professional
person_756,person_617,2016-12-01,close
person_301,person_459,2016-11-01,close
person_191,person_985,2016-12-01,professional
person_122,person_386,2015-07-01,casual
person_569,person_270,2016-03-01,professional
person_866,person_261,2015-06-01,casual
person_726,person_959,2016-01-01,close
person_950,person_330,2019-01-01,professional
person_630,person_863,2017-08-01,professional
person_563,person_366,2015-12-01,casual
person_538,person_225,2016-09-01,close
person_805,person_517,2016-07-01,professional
person_549,person_413,2015-06-01,close
person_904,person_218,2017-06-01,casual
person_300,person_223,2019-09-01,casual
person_574,person_843,2015-02-01,professional
person_354,person_456,2016-11-01,professional
person_940,person_636,2016-01-01,professional
person_906,person_328,2018-02-01,casual
person_262,person_553,2017-01-01,professional
person_841,person_788,2017-09-01,professional
person_456,person_498,2015-05-01,professional
person_197,person_328,2019-02-01,close
person_171,person_994,2019-09-01,close
person_641,person_67,2016-11-01,professional
person_792,person_218,2018-02-01,close
person_550,person_848,2018-11-01,close
person_764,person_702,2016-01-01,casual
person_734,person_339,2015-02-01,close
person_55,person_182,2017-09-01,close
person_588,person_841,2016-05-01,casual
person_397,person_461,2018-07-01,casual
person_17,person_398,2015-09-01,close
person_656,person_737,2019-02-01,professional
person_599,person_46,2015-06-01,professional
person_108,person_296,2017-10-01,close
person_288,person_783,2018-07-01,casual
person_841,person_676,2015-08-01,close
person_546,person_225,2016-12-01,casual
person_815,person_816,2019-05-01,professional
person_147,person_305,2017-01-01,professional
person_895,person_568,2016-02-01,close
person_5,person_586,2019-07-01,professional
person_560,person_969,2015-05-01,close
person_766,person_759,2017-04-01,casual
person_927,person_661,2019-03-01,close
person_188,person_226,2019-05-01,close
person_117,person_185,2019-01-01,professional
person_472,person_660,2019-02-01,casual
person_687,person_68,2017-02-01,close
person_743,person_594,2018-06-01,casual
person_131,person_687,2016-02-01,casual
person_634,person_71,2016-06-01,casual
person_461,person_336,2019-11-01,casual
person_710,person_598,2016-10-01,professional
person_373,person_827,2017-07-01,close
person_4,person_320,2016-04-01,professional
person_757,person_656,2018-05-01,casual
person_137,person_695,2017-08-01,casual
person_456,person_367,2017-08-01,professional
person_111,person_179,2019-02-01,casual
person_879,person_846,2016-09-01,close
person_269,person_751,2015-12-01,close
person_913,person_19,2019-11-01,close
person_832,person_595,2019-07-01,professional
person_217,person_928,2015-09-01,casual
person_556,person_915,2019-08-01,professional
person_793,person_152,2017-07-01,close
person_912,person_790,2019-12-01,casual
person_137,person_475,2019-09-01,close
person_406,person_372,2019-01-01,professional
person_244,person_868,2019-11-01,close
person_775,person_526,2016-08-01,close
person_183,person_579,2019-11-01,close
person_753,person_749,2018-06-01,close
person_224,person_779,2018-04-01,close
person_270,person_378,2016-01-01,professional
person_211,person_530,2017-07-01,casual
person_939,person_465,2015-01-01,professional
person_331,person_105,2019-11-01,casual
person_854,person_759,2017-10-01,professional
person_583,person_178,2018-11-01,casual
person_374,person_601,2015-09-01,casual
person_385,person_996,2016-09-01,casual
person_361,person_836,2017-08-01,casual
person_908,person_618,2015-09-01,close
person_450,person_169,2016-02-01,professional
person_658,person_287,2016-03-01,close
person_161,person_370,2019-12-01,close
person_676,person_235,2018-06-01,professional
person_116,person_493,2018-08-01,close
person_604,person_165,2018-01-01,close
person_44,person_130,2019-10-01,close
person_137,person_644,2019-01-01,professional
person_150,person_57,2016-05-01,close
person_529,person_981,2018-10-01,professional
person_652,person_19,2017-02-01,close
person_459,person_621,2018-08-01,close
person_224,person_850,2018-10-01,close
person_813,person_596,2016-10-01,professional
person_523,person_270,2016-12-01,professional
person_350,person_944,2018-10-01,professional
person_70,person_235,2018-07-01,close
person_111,person_16,2016-09-01,professional
person_700,person_429,2016-10-01,close
person_181,person_487,2019-10-01,close
person_898,person_802,2019-09-01,close
person_95,person_493,2016-10-01,professional
person_847,person_1,2018-09-01,casual
person_379,person_895,2015-12-01,professional
person_439,person_234,2018-07-01,casual
person_603,person_823,2019-02-01,casual
person_137,person_260,2018-04-01,close
person_290,person_612,2019-07-01,casual
person_193,person_5,2015-10-01,professional
person_120,person_532,2015-07-01,professional
person_210,person_704,2017-07-01,casual
person_109,person_158,2018-11-01,professional
person_259,person_267,2019-07-01,professional
person_374,person_626,2017-11-01,casual
person_773,person_208,2018-09-01,professional
person_494,person_183,2017-09-01,professional
person_495,person_259,2017-10-01,casual
person_792,person_722,2018-12-01,close
person_875,person_884,2015-12-01,close
person_457,person_801,2016-02-01,close
person_520,person_410,2017-09-01,professional
person_713,person_700,2015-03-01,casual
person_987,person_651,2015-02-01,close
person_482,person_948,2019-07-01,close
person_65,person_269,2016-06-01,close
person_623,person_38,2018-07-01,professional
person_671,person_533,2017-12-01,professional
person_58,person_968,2016-11-01,casual
person_449,person_10,2016-11-01,professional
person_292,person_199,2015-10-01,professional
person_528,person_715,2016-10-01,close
person_690,person_36,2017-04-01,professional
person_0,person_999,2016-02-01,casual
person_798,person_409,2017-11-01,casual
person_415,person_600,2016-09-01,close
person_754,person_720,2015-02-01,professional
person_291,person_743,2019-10-01,casual
person_355,person_986,2017-04-01,professional
person_986,person_199,2018-07-01,professional
person_4,person_267,2016-07-01,professional
person_109,person_572,2015-09-01,casual
person_348,person_969,2015-09-01,casual
person_897,person_550,2019-05-01,professional
person_453,person_989,2018-10-01,casual
person_788,person_249,2017-08-01,professional
person_471,person_918,2019-01-01,casual
person_119,person_264,2015-07-01,professional
person_807,person_225,2016-06-01,casual
person_978,person_361,2019-09-01,close
person_717,person_852,2017-04-01,casual
person_95,person_408,2017-02-01,professional
person_953,person_182,2018-06-01,casual
person_223,person_915,2019-05-01,close
person_969,person_764,2016-08-01,professional
person_204,person_240,2016-05-01,close
person_234,person_207,2016-10-01,casual
person_159,person_797,2015-02-01,close
person_692,person_978,2018-10-01,close
person_782,person_877,2019-01-01,casual
person_380,person_635,2017-08-01,professional
person_889,person_281,2018-03-01,professional
person_286,person_407,2016-10-01,close
person_55,person_538,2018-08-01,professional
person_33,person_514,2017-07-01,professional
person_794,person_178,2018-02-01,professional
person_530,person_471,2017-12-01,close
person_12,person_690,2016-07-01,professional
person_103,person_333,2017-10-01,casual
person_191,person_561,2017-04-01,casual
person_482,person_981,2019-06-01,casual
person_188,person_510,2018-04-01,casual
person_717,person_770,2017-06-01,casual
person_286,person_461,2016-10-01,close
person_589,person_702,2016-02-01,professional
person_276,person_823,2016-09-01,casual
person_876,person_390,2016-03-01,professional
person_153,person_484,2015-03-01,casual
person_511,person_137,2019-09-01,professional
person_323,person_804,2018-05-01,casual
person_575,person_879,2019-01-01,casual
person_101,person_707,2016-01-01,close
person_833,person_260,2018-11-01,close
person_460,person_762,2017-05-01,casual
person_368,person_573,2019-05-01,casual
person_20,person_421,2015-06-01,professional
person_986,person_620,2016-10-01,professional
person_665,person_664,2019-03-01,casual
person_363,person_332,2019-08-01,professional
person_457,person_910,2015-07-01,professional
person_293,person_474,2016-03-01,professional
person_827,person_950,2017-07-01,professional
person_627,person_585,2018-02-01,close
person_165,person_351,2016-06-01,casual
person_668,person_298,2017-10-01,professional
person_404,person_277,2018-06-01,professional
person_601,person_533,2018-07-01,close
person_188,person_874,2015-03-01,professional
person_240,person_677,2017-12-01,professional
person_767,person_81,2016-03-01,casual
person_105,person_97,2015-08-01,professional
person_55,person_26,2018-09-01,close
person_106,person_268,2019-03-01,close
person_670,person_953,2018-05-01,close
person_253,person_755,2017-08-01,professional
person_129,person_134,2019-03-01,close
person_35,person_679,2017-06-01,casual
person_478,person_998,2019-05-01,professional
person_455,person_138,2019-03-01,professional
person_611,person_467,2019-07-01,professional
person_655,person_654,2019-05-01,casual
person_493,person_552,2016-02-01,casual
person_315,person_374,2018-05-01,close
person_310,person_10,2015-09-01,close
person_352,person_293,2018-09-01,close
person_704,person_944,2018-08-01,casual
person_9,person_784,2018-05-01,professional
person_236,person_815,2015-09-01,casual
person_193,person_421,2019-07-01,casual
person_255,person_167,2018-07-01,close
person_269,person_81,2018-11-01,close
person_529,person_782,2019-12-01,professional
person_278,person_291,2019-05-01,casual
person_192,person_873,2015-03-01,close
person_296,person_113,2018-10-01,casual
person_278,person_717,2019-08-01,close
person_328,person_19,2016-01-01,professional
person_22,person_190,2015-05-01,casual
person_128,person_732,2018-12-01,close
person_238,person_92,2016-01-01,casual
person_222,person_350,2018-05-01,casual
person_380,person_474,2015-06-01,close
person_863,person_768,2016-01-01,casual
person_794,person_401,2015-09-01,casual
person_185,person_196,2017-07-01,close
person_124,person_997,2016-07-01,casual
person_34,person_203,2018-12-01,close
person_533,person_681,2016-08-01,casual
person_697,person_984,2017-06-01,close
person_644,person_745,2015-12-01,professional
person_533,person_125,2017-08-01,professional
person_305,person_203,2017-01-01,professional
person_223,person_996,2015-04-01,professional
person_444,person_332,2015-03-01,casual
person_598,person_122,2018-04-01,close
person_992,person_43,2019-12-01,casual
person_704,person_610,2016-06-01,close
person_254,person_161,2018-02-01,professional
person_633,person_346,2015-01-01,casual
person_660,person_157,2019-02-01,close
person_499,person_238,2017-09-01,professional
person_774,person_355,2018-12-01,close
person_21,person_705,2018-06-01,professional
person_137,person_256,2015-08-01,professional
person_448,person_572,2017-09-01,professional
person_501,person_194,2019-03-01,professional
person_356,person_331,2018-05-01,professional
person_936,person_881,2019-03-01,close
person_543,person_158,2018-05-01,casual
person_554,person_375,2018-01-01,professional
person_518,person_388,2016-01-01,professional
person_877,person_372,2019-04-01,casual
person_738,person_64,2019-07-01,close
person_536,person_699,2018-09-01,close
person_627,person_289,2017-07-01,professional
person_329,person_113,2015-09-01,professional
person_68,person_44,2016-03-01,close
person_206,person_109,2018-04-01,close
person_32,person_584,2018-11-01,casual
person_538,person_638,2019-05-01,close
person_375,person_226,2019-12-01,close
person_13,person_952,2016-11-01,casual
person_950,person_911,2015-08-01,professional
person_62,person_369,2019-12-01,casual
person_841,person_377,2015-10-01,casual
person_541,person_41,2015-05-01,close
person_967,person_221,2019-02-01,close
person_742,person_236,2019-07-01,close
person_197,person_538,2016-10-01,professional
person_970,person_183,2019-12-01,professional
person_425,person_764,2015-11-01,professional
person_366,person_690,2018-12-01,professional
person_437,person_904,2015-03-01,close
person_563,person_411,2019-06-01,professional
person_161,person_546,2019-08-01,casual
person_924,person_322,2019-06-01,casual
person_422,person_782,2018-12-01,casual
person_623,person_246,2019-09-01,close
person_384,person_784,2019-12-01,casual
person_368,person_984,2018-08-01,casual
person_0,person_743,2015-05-01,professional
person_16,person_530,2016-05-01,close
person_307,person_227,2016-06-01,close
person_790,person_841,2017-09-01,professional
person_569,person_584,2019-03-01,close
person_38,person_471,2017-03-01,close
person_271,person_375,2019-04-01,close
person_262,person_830,2017-02-01,professional
person_409,person_582,2016-12-01,close
person_740,person_332,2018-03-01,casual
person_845,person_920,2019-02-01,professional
person_657,person_307,2015-12-01,professional
person_390,person_80,2015-06-01,casual
person_900,person_836,2018-07-01,close
person_890,person_788,2016-12-01,professional
person_869,person_616,2015-11-01,professional
person_391,person_55,2017-09-01,close
person_326,person_552,2019-03-01,casual
person_514,person_714,2016-03-01,close
person_689,person_749,2018-08-01,professional
person_589,person_516,2015-04-01,casual
person_296,person_805,2018-03-01,close
person_344,person_84,2018-10-01,professional
person_50,person_561,2018-05-01,close
person_408,person_513,2018-12-01,close
person_780,person_138,2018-09-01,close
person_499,person_404,2019-04-01,professional
person_630,person_753,2019-04-01,close
person_73,person_272,2018-06-01,professional
person_946,person_589,2015-02-01,professional
person_423,person_433,2017-06-01,close
person_328,person_352,2019-11-01,close
person_788,person_312,2016-06-01,professional
person_841,person_822,2018-10-01,close
person_451,person_45,2016-04-01,professional
person_382,person_159,2015-02-01,professional
person_55,person_248,2019-03-01,casual
person_14,person_351,2015-05-01,casual
person_482,person_23,2017-04-01,professional
person_550,person_216,2016-09-01,professional
person_768,person_264,2019-08-01,professional
person_747,person_144,2015-07-01,professional
person_927,person_679,2019-01-01,casual
person_174,person_61,2017-04-01,professional
person_632,person_277,2015-08-01,professional
person_967,person_8,2015-07-01,professional
person_277,person_678,2017-02-01,close
person_299,person_888,2018-04-01,casual
person_520,person_726,2015-06-01,casual
person_887,person_611,2019-02-01,close
person_203,person_512,2018-09-01,professional
person_22,person_40,2016-09-01,casual
person_341,person_501,2018-12-01,close
person_18,person_355,2017-06-01,professional
person_309,person_241,2019-05-01,close
person_640,person_263,2018-01-01,professional
person_971,person_286,2016-03-01,casual
person_918,person_402,2016-02-01,professional
person_391,person_533,2019-11-01,professional
person_232,person_427,2016-10-01,close
person_436,person_993,2017-10-01,casual
person_459,person_555,2016-04-01,professional
person_141,person_594,2019-11-01,close
person_883,person_141,2017-12-01,professional
person_920,person_536,2016-07-01,close
person_671,person_955,2019-03-01,casual
person_69,person_570,2019-12-01,close
person_188,person_325,2016-12-01,close
person_783,person_326,2018-07-01,casual
person_453,person_763,2017-03-01,close
person_109,person_134,2016-01-01,professional
person_631,person_273,2019-10-01,professional
person_236,person_610,2016-04-01,professional
person_26,person_367,2015-12-01,casual
person_137,person_514,2019-08-01,professional
person_665,person_382,2016-07-01,casual
person_485,person_140,2016-04-01,close
person_33,person_418,2015-05-01,casual
person_227,person_760,2016-04-01,close
person_181,person_949,2018-10-01,casual
person_704,person_332,2018-04-01,casual
person_414,person_794,2015-10-01,professional
person_844,person_389,2017-07-01,professional
person_961,person_760,2019-10-01,professional
person_537,person_656,2015-09-01,close
person_462,person_467,2015-04-01,professional
person_550,person_405,2015-09-01,casual
person_528,person_783,2015-04-01,casual
person_450,person_407,2017-05-01,casual
person_170,person_432,2017-10-01,close
person_706,person_529,2016-08-01,professional
person_462,person_92,2019-02-01,close
person_797,person_599,2019-03-01,casual
person_423,person_331,2018-01-01,close
person_464,person_604,2016-08-01,close
person_256,person_331,2016-12-01,professional
person_126,person_93,2015-12-01,casual
person_649,person_371,2015-09-01,professional
person_393,person_744,2019-10-01,close
person_387,person_563,2018-01-01,close
person_934,person_343,2019-11-01,close
person_166,person_889,2016-03-01,professional
person_52,person_429,2017-05-01,professional
person_787,person_984,2018-05-01,professional
person_185,person_120,2016-04-01,close
person_637,person_783,2017-01-01,casual
person_509,person_875,2018-09-01,close
person_622,person_903,2018-04-01,close
person_602,person_675,2018-08-01,casual
person_452,person_81,2019-10-01,close
person_250,person_903,2019-05-01,professional
person_643,person_570,2016-01-01,close
person_151,person_56,2017-01-01,close
person_874,person_33,2019-10-01,casual
person_339,person_942,2015-01-01,close
person_426,person_182,2016-11-01,casual
person_625,person_676,2019-10-01,professional
person_181,person_989,2018-12-01,professional
person_368,person_953,2015-02-01,casual
person_330,person_377,2018-02-01,casual
person_863,person_563,2015-05-01,casual
person_137,person_124,2017-06-01,professional
person_423,person_537,2016-12-01,close
person_626,person_59,2015-10-01,professional
person_644,person_541,2015-08-01,professional
person_705,person_619,2017-07-01,professional
person_868,person_324,2017-09-01,professional
person_638,person_362,2016-10-01,professional
person_508,person_532,2018-08-01,close
person_904,person_624,2016-12-01,casual
person_198,person_1,2015-01-01,casual
person_640,person_815,2015-12-01,close
person_818,person_630,2018-07-01,close
person_341,person_358,2019-11-01,close
person_11,person_655,2016-12-01,casual
person_260,person_809,2015-05-01,casual
person_518,person_563,2017-01-01,close
person_702,person_341,2017-07-01,professional
person_582,person_630,2015-03-01,close
person_338,person_853,2017-11-01,casual
person_938,person_485,2015-11-01,close
person_493,person_159,2018-09-01,casual
person_473,person_802,2018-12-01,close
person_855,person_533,2017-10-01,professional
person_694,person_323,2019-09-01,close
person_213,person_591,2017-06-01,close
person_992,person_152,2017-01-01,casual
person_384,person_641,2019-03-01,professional
person_620,person_398,2016-10-01,close
person_885,person_801,2017-12-01,casual
person_726,person_32,2017-07-01,close
person_508,person_898,2016-06-01,casual
person_849,person_973,2017-04-01,professional
person_309,person_179,2015-06-01,close
person_796,person_206,2015-08-01,professional
person_25,person_818,2018-09-01,close
person_194,person_348,2018-12-01,professional
person_317,person_794,2017-03-01,close
person_841,person_960,2019-11-01,close
person_210,person_741,2015-08-01,casual
person_730,person_885,2019-02-01,close
person_318,person_954,2015-11-01,professional
person_892,person_89,2017-08-01,close
person_105,person_533,2017-01-01,professional
person_776,person_319,2016-06-01,close
person_197,person_293,2017-09-01,casual
person_791,person_451,2015-05-01,close
person_161,person_280,2015-01-01,professional
person_573,person_526,2015-04-01,professional
person_358,person_562,2017-05-01,close
person_965,person_721,2017-10-01,close
person_175,person_72,2017-10-01,casual
person_553,person_454,2015-03-01,close
person_482,person_924,2015-02-01,casual
person_55,person_88,2018-07-01,close
person_721,person_610,2019-11-01,professional
person_716,person_456,2019-06-01,casual
person_340,person_837,2016-12-01,professional
person_828,person_546,2015-08-01,professional
person_134,person_95,2018-02-01,casual
person_317,person_700,2018-08-01,close
person_970,person_229,2016-10-01,casual
person_934,person_372,2018-03-01,professional
person_939,person_681,2017-06-01,casual
person_499,person_30,2015-08-01,close
person_359,person_490,2018-03-01,casual
person_786,person_356,2019-10-01,close
person_520,person_105,2018-12-01,close
person_333,person_569,2015-05-01,professional
person_472,person_410,2019-07-01,close
person_635,person_249,2019-03-01,casual
person_393,person_67,2017-04-01,professional
person_605,person_441,2018-10-01,casual
person_557,person_710,2016-03-01,professional
person_685,person_79,2019-08-01,close
person_606,person_610,2018-06-01,professional
person_99,person_841,2018-03-01,casual
person_978,person_415,2015-10-01,close
person_701,person_833,2019-07-01,casual
person_506,person_660,2015-02-01,close
person_836,person_142,2019-11-01,close
person_775,person_150,2016-08-01,professional
person_298,person_399,2019-10-01,casual
person_200,person_210,2017-05-01,professional
person_813,person_935,2017-07-01,professional
person_937,person_352,2015-10-01,close
person_626,person_522,2018-03-01,casual
person_63,person_378,2019-01-01,close
person_720,person_573,2017-02-01,casual
person_886,person_31,2016-07-01,professional
person_604,person_403,2017-12-01,casual
person_415,person_390,2018-09-01,close
person_678,person_177,2018-03-01,close
person_568,person_393,2017-07-01,close
person_295,person_893,2016-03-01,close
person_16,person_147,2018-11-01,casual
person_998,person_139,2015-03-01,professional
person_825,person_425,2018-12-01,professional
person_952,person_435,2019-03-01,casual
person_521,person_434,2019-08-01,casual
person_363,person_231,2016-07-01,professional
person_7,person_591,2018-12-01,close
person_729,person_513,2017-07-01,professional
person_590,person_375,2015-01-01,professional
person_494,person_721,2017-02-01,professional
person_493,person_984,2015-03-01,professional
person_748,person_539,2017-08-01,professional
person_80,person_535,2019-02-01,close
person_483,person_645,2015-11-01,professional
person_552,person_817,2019-05-01,professional
person_54,person_925,2017-09-01,close
person_480,person_464,2019-08-01,professional
person_751,person_339,2018-06-01,casual
person_296,person_171,2015-12-01,professional
person_767,person_311,2019-05-01,close
person_644,person_484,2019-03-01,professional
person_52,person_672,2017-12-01,professional
person_27,person_293,2018-02-01,close
person_517,person_78,2017-05-01,close
person_630,person_287,2017-05-01,close
person_759,person_114,2019-03-01,professional
person_756,person_154,2018-06-01,close
person_267,person_801,2016-08-01,close
person_818,person_540,2015-06-01,close
person_990,person_148,2019-03-01,casual
person_770,person_422,2018-04-01,professional
person_450,person_743,2016-04-01,professional
person_751,person_862,2017-01-01,professional
person_270,person_773,2015-01-01,close
person_475,person_408,2018-05-01,casual
person_764,person_971,2019-04-01,casual
person_699,person_722,2018-08-01,casual
person_148,person_543,2018-01-01,casual
person_949,person_816,2018-07-01,professional
person_323,person_984,2019-11-01,close
person_99,person_939,2019-11-01,casual
person_979,person_864,2018-10-01,professional
person_878,person_279,2017-05-01,casual
person_821,person_100,2017-11-01,professional
person_400,person_472,2016-12-01,professional
person_602,person_788,2016-09-01,casual
person_693,person_706,2016-06-01,professional
person_10,person_688,2015-02-01,close
person_421,person_100,2019-02-01,professional
person_456,person_359,2016-12-01,casual
person_257,person_197,2015-01-01,professional
person_94,person_58,2019-11-01,close
person_973,person_613,2015-12-01,close
person_88,person_876,2019-03-01,casual
person_672,person_782,2019-03-01,close
person_712,person_188,2017-05-01,casual
person_676,person_958,2015-11-01,casual
person_944,person_283,2018-12-01,professional
person_331,person_263,2016-02-01,casual
person_795,person_63,2018-07-01,casual
person_61,person_264,2017-03-01,casual
person_71,person_503,2016-10-01,casual
person_182,person_660,2018-02-01,close
person_553,person_787,2018-04-01,professional
person_658,person_108,2018-12-01,casual
person_105,person_35,2015-02-01,professional
person_745,person_256,2018-01-01,casual
person_152,person_668,2015-01-01,professional
person_399,person_272,2016-12-01,casual
person_926,person_400,2019-01-01,professional
person_724,person_962,2018-08-01,casual
person_413,person_864,2015-09-01,close
person_3,person_393,2018-02-01,professional
person_548,person_957,2017-06-01,professional
person_310,person_410,2015-11-01,professional
person_92,person_374,2019-06-01,close
person_861,person_470,2017-11-01,close
person_180,person_567,2015-07-01,professional
person_195,person_306,2018-02-01,professional
person_705,person_367,2018-02-01,professional
person_448,person_752,2016-03-01,close
person_197,person_25,2019-04-01,casual
person_398,person_64,2019-11-01,casual
person_511,person_546,2018-01-01,close
person_347,person_57,2017-12-01,close
person_415,person_121,2016-11-01,professional
person_535,person_469,2019-03-01,professional
person_593,person_238,2015-01-01,professional
person_144,person_500,2015-08-01,professional
person_46,person_248,2016-01-01,close
person_647,person_51,2017-02-01,casual
person_625,person_174,2019-02-01,close
person_116,person_509,2019-10-01,close
person_64,person_823,2016-07-01,casual
person_830,person_855,2018-06-01,close
person_999,person_700,2019-09-01,close
person_329,person_856,2016-01-01,professional
person_177,person_343,2015-02-01,casual
person_144,person_775,2018-03-01,professional
person_378,person_566,2016-08-01,close
person_947,person_595,2015-03-01,close
person_810,person_867,2019-07-01,close
person_16,person_900,2018-02-01,close
person_7,person_183,2015-12-01,professional
person_607,person_908,2017-07-01,professional
person_826,person_811,2018-12-01,close
person_211,person_146,2017-09-01,casual
person_421,person_244,2016-10-01,professional
person_38,person_610,2016-12-01,casual
person_626,person_973,2015-11-01,casual
person_356,person_428,2015-09-01,close
person_196,person_120,2019-02-01,professional
person_370,person_883,2019-09-01,close
person_475,person_788,2016-05-01,close
person_198,person_115,2016-11-01,casual
person_509,person_180,2016-11-01,close
person_55,person_660,2017-05-01,close
person_445,person_257,2017-10-01,casual
person_44,person_106,2015-09-01,close
person_161,person_804,2015-08-01,professional
person_118,person_72,2016-12-01,casual
person_606,person_593,2017-07-01,close
person_765,person_693,2017-04-01,close
person_333,person_233,2015-04-01,professional
person_422,person_890,2016-07-01,close
person_75,person_482,2019-08-01,close
person_911,person_446,2016-04-01,professional
person_465,person_182,2018-06-01,close
person_468,person_737,2016-11-01,casual
person_998,person_276,2016-06-01,close
person_32,person_708,2019-01-01,casual
person_139,person_113,2018-08-01,casual
person_175,person_778,2017-04-01,casual
person_618,person_160,2019-03-01,professional
person_993,person_566,2016-02-01,casual
person_877,person_534,2018-04-01,professional
person_484,person_857,2018-05-01,close
person_747,person_438,2016-04-01,casual
person_444,person_593,2016-10-01,close
person_935,person_587,2015-07-01,close
person_41,person_481,2019-01-01,casual
person_543,person_403,2018-12-01,close
person_463,person_507,2016-02-01,professional
person_771,person_12,2018-04-01,close
person_367,person_302,2016-11-01,close
person_16,person_491,2017-03-01,professional
person_470,person_878,2019-12-01,professional
person_24,person_999,2018-08-01,close
person_895,person_720,2018-03-01,casual
person_641,person_475,2015-11-01,close
person_394,person_914,2017-09-01,close
person_303,person_436,2017-12-01,professional
person_555,person_589,2016-11-01,close
person_635,person_901,2017-12-01,close
person_527,person_968,2017-01-01,close
person_392,person_374,2018-10-01,close
person_374,person_375,2016-11-01,professional
person_721,person_68,2019-12-01,close
person_141,person_342,2016-09-01,close
person_664,person_489,2019-12-01,close
person_771,person_762,2016-06-01,casual
person_919,person_273,2019-11-01,casual
person_283,person_55,2015-06-01,casual
person_463,person_497,2019-09-01,close
person_481,person_726,2019-11-01,professional
person_921,person_299,2018-10-01,casual
person_819,person_689,2015-04-01,casual
person_89,person_82,2018-03-01,casual
person_981,person_979,2015-02-01,close
person_282,person_114,2016-08-01,close
person_895,person_209,2019-11-01,close
person_300,person_426,2019-03-01,casual
person_355,person_430,2018-12-01,professional
person_21,person_298,2016-02-01,close
person_892,person_821,2016-09-01,professional
person_343,person_421,2019-06-01,professional
person_661,person_805,2017-08-01,professional
person_681,person_713,2019-09-01,casual
person_468,person_311,2019-03-01,casual
person_175,person_808,2017-04-01,casual
person_380,person_994,2017-01-01,close
person_361,person_291,2018-03-01,professional
person_946,person_164,2019-05-01,close
person_996,person_179,2016-03-01,close
person_119,person_42,2017-10-01,close
person_451,person_266,2017-03-01,close
person_575,person_724,2015-11-01,casual
person_352,person_151,2017-08-01,professional
person_998,person_166,2019-05-01,close
person_942,person_25,2018-08-01,close
person_970,person_469,2017-03-01,close
person_993,person_756,2019-09-01,casual
person_662,person_722,2017-08-01,casual
person_992,person_966,2019-11-01,close
person_818,person_578,2018-06-01,professional
person_115,person_749,2018-01-01,close
person_694,person_564,2015-05-01,close
person_411,person_632,2016-08-01,casual
person_94,person_334,2015-10-01,professional
person_199,person_597,2019-04-01,casual
person_200,person_23,2015-09-01,casual
person_693,person_687,2015-09-01,casual
person_199,person_502,2017-10-01,professional
person_523,person_966,2015-11-01,casual
person_407,person_151,2018-06-01,casual
person_381,person_12,2017-06-01,casual
person_315,person_456,2019-02-01,close
person_745,person_909,2018-12-01,casual
person_822,person_453,2017-03-01,professional
person_993,person_919,2018-12-01,casual
person_142,person_855,2019-10-01,close
person_147,person_212,2017-08-01,professional
person_343,person_67,2019-07-01,close
person_6,person_419,2017-07-01,close
person_569,person_473,2019-03-01,close
person_190,person_852,2018-05-01,professional
person_502,person_43,2017-10-01,casual
person_505,person_572,2018-04-01,close
person_810,person_2,2016-05-01,casual
person_978,person_655,2018-02-01,professional
person_681,person_914,2017-07-01,close
person_503,person_928,2016-01-01,close
person_783,person_283,2018-02-01,professional
person_763,person_370,2019-08-01,professional
person_446,person_889,2017-11-01,professional
person_487,person_997,2015-06-01,professional
person_750,person_589,2015-05-01,close
person_595,person_59,2016-06-01,casual
person_899,person_709,2016-06-01,close
person_54,person_279,2017-07-01,professional
person_933,person_978,2017-01-01,casual
person_298,person_542,2015-09-01,close
person_784,person_643,2016-02-01,professional
person_770,person_171,2019-06-01,casual
person_846,person_865,2017-05-01,professional
person_714,person_704,2017-02-01,professional
person_593,person_360,2016-01-01,close
person_530,person_288,2017-08-01,casual
person_348,person_943,2016-02-01,close
person_158,person_515,2016-04-01,professional
person_628,person_706,2019-09-01,professional
person_564,person_719,2015-07-01,casual
person_938,person_78,2015-03-01,close
person_491,person_356,2017-12-01,casual
person_452,person_911,2019-09-01,casual
person_176,person_726,2017-01-01,professional
person_834,person_121,2016-03-01,professional
person_145,person_704,2016-05-01,close
person_214,person_133,2015-07-01,professional
person_781,person_802,2015-02-01,close
person_775,person_441,2015-04-01,close
person_33,person_812,2019-10-01,close
person_480,person_121,2017-01-01,close
person_308,person_683,2015-02-01,close
person_942,person_616,2016-10-01,close
person_189,person_686,2017-01-01,close
person_149,person_866,2017-10-01,casual
person_360,person_164,2019-12-01,professional
person_247,person_517,2019-02-01,close
person_839,person_592,2015-09-01,close
person_732,person_196,2017-03-01,professional
person_4,person_996,2015-04-01,professional
person_871,person_724,2018-06-01,professional
person_603,person_189,2018-11-01,close
person_185,person_854,2017-07-01,casual
person_219,person_526,2016-07-01,close
person_779,person_321,2015-08-01,close
person_532,person_139,2018-06-01,professional
person_295,person_570,2015-02-01,casual
person_505,person_118,2018-05-01,casual
person_614,person_753,2017-11-01,casual
person_231,person_567,2018-05-01,casual
person_193,person_877,2015-08-01,professional
person_376,person_183,2015-11-01,casual
person_688,person_107,2018-08-01,professional
person_674,person_692,2015-02-01,close
person_404,person_410,2019-02-01,professional
person_947,person_913,2016-02-01,casual
person_998,person_203,2017-04-01,professional
person_125,person_238,2018-12-01,casual
person_285,person_783,2019-10-01,casual
person_774,person_808,2018-06-01,casual
person_682,person_617,2018-08-01,professional
person_285,person_150,2018-02-01,close
person_256,person_501,2018-04-01,professional
person_965,person_137,2015-02-01,professional
person_54,person_850,2015-08-01,professional
person_27,person_995,2016-07-01,professional
person_695,person_334,2016-05-01,professional
person_638,person_98,2015-11-01,professional
person_785,person_504,2018-04-01,casual
person_677,person_509,2018-09-01,casual
person_555,person_351,2019-09-01,close
person_975,person_782,2015-07-01,close
person_392,person_460,2017-07-01,casual
person_470,person_36,2015-03-01,professional
person_675,person_881,2017-12-01,close
person_503,person_441,2016-05-01,professional
person_398,person_499,2015-10-01,professional
person_502,person_675,2019-11-01,professional
person_585,person_481,2018-09-01,close
person_518,person_57,2018-05-01,casual
person_605,person_994,2018-10-01,professional
person_361,person_784,2017-06-01,close
person_28,person_604,2015-03-01,casual
person_357,person_828,2019-01-01,professional
person_349,person_389,2015-07-01,casual
person_365,person_421,2017-01-01,professional
person_250,person_253,2016-11-01,casual
person_606,person_86,2015-05-01,close
person_345,person_173,2015-09-01,casual
person_673,person_884,2018-10-01,professional
person_923,person_431,2017-01-01,professional
person_480,person_602,2015-06-01,casual
person_584,person_399,2017-10-01,close
person_827,person_500,2015-12-01,professional
person_210,person_344,2018-09-01,professional
person_347,person_170,2019-05-01,casual
person_992,person_446,2016-08-01,professional
person_867,person_997,2015-09-01,close
person_294,person_271,2015-05-01,professional
person_411,person_823,2016-10-01,professional
person_980,person_94,2019-02-01,professional
person_344,person_279,2015-10-01,professional
