id,name,age,city,department,salary,labels
person_0,Person 0,25,NYC,Engineering,50000,Person;Employee
person_1,Person 1,26,SF,Marketing,50100,Person;Employee
person_2,Person 2,27,LA,Sales,50200,Person;Employee
person_3,Person 3,28,Chicago,HR,50300,Person;Employee
person_4,Person 4,29,Boston,Finance,50400,Person;Employee
person_5,Person 5,30,Seattle,Engineering,50500,Person;Employee
person_6,Person 6,31,NYC,Marketing,50600,Person;Employee
person_7,Person 7,32,SF,Sales,50700,Person;Employee
person_8,Person 8,33,LA,HR,50800,Person;Employee
person_9,Person 9,34,Chicago,Finance,50900,Person;Employee
person_10,Person 10,35,Boston,Engineering,51000,Person;Employee
person_11,Person 11,36,Seattle,Marketing,51100,Person;Employee
person_12,Person 12,37,NYC,Sales,51200,Person;Employee
person_13,Person 13,38,SF,HR,51300,Person;Employee
person_14,Person 14,39,LA,Finance,51400,Person;Employee
person_15,Person 15,40,Chicago,Engineering,51500,Person;Employee
person_16,Person 16,41,Boston,Marketing,51600,Person;Employee
person_17,Person 17,42,Seattle,Sales,51700,Person;Employee
person_18,Person 18,43,NYC,HR,51800,Person;Employee
person_19,Person 19,44,SF,Finance,51900,Person;Employee
person_20,Person 20,45,LA,Engineering,52000,Person;Employee
person_21,Person 21,46,Chicago,Marketing,52100,Person;Employee
person_22,Person 22,47,Boston,Sales,52200,Person;Employee
person_23,Person 23,48,Seattle,HR,52300,Person;Employee
person_24,Person 24,49,NYC,Finance,52400,Person;Employee
person_25,Person 25,50,SF,Engineering,52500,Person;Employee
person_26,Person 26,51,LA,Marketing,52600,Person;Employee
person_27,Person 27,52,Chicago,Sales,52700,Person;Employee
person_28,Person 28,53,Boston,HR,52800,Person;Employee
person_29,Person 29,54,Seattle,Finance,52900,Person;Employee
person_30,Person 30,55,NYC,Engineering,53000,Person;Employee
person_31,Person 31,56,SF,Marketing,53100,Person;Employee
person_32,Person 32,57,LA,Sales,53200,Person;Employee
person_33,Person 33,58,Chicago,HR,53300,Person;Employee
person_34,Person 34,59,Boston,Finance,53400,Person;Employee
person_35,Person 35,60,Seattle,Engineering,53500,Person;Employee
person_36,Person 36,61,NYC,Marketing,53600,Person;Employee
person_37,Person 37,62,SF,Sales,53700,Person;Employee
person_38,Person 38,63,LA,HR,53800,Person;Employee
person_39,Person 39,64,Chicago,Finance,53900,Person;Employee
person_40,Person 40,25,Boston,Engineering,54000,Person;Employee
person_41,Person 41,26,Seattle,Marketing,54100,Person;Employee
person_42,Person 42,27,NYC,Sales,54200,Person;Employee
person_43,Person 43,28,SF,HR,54300,Person;Employee
person_44,Person 44,29,LA,Finance,54400,Person;Employee
person_45,Person 45,30,Chicago,Engineering,54500,Person;Employee
person_46,Person 46,31,Boston,Marketing,54600,Person;Employee
person_47,Person 47,32,Seattle,Sales,54700,Person;Employee
person_48,Person 48,33,NYC,HR,54800,Person;Employee
person_49,Person 49,34,SF,Finance,54900,Person;Employee
person_50,Person 50,35,LA,Engineering,55000,Person;Employee
person_51,Person 51,36,Chicago,Marketing,55100,Person;Employee
person_52,Person 52,37,Boston,Sales,55200,Person;Employee
person_53,Person 53,38,Seattle,HR,55300,Person;Employee
person_54,Person 54,39,NYC,Finance,55400,Person;Employee
person_55,Person 55,40,SF,Engineering,55500,Person;Employee
person_56,Person 56,41,LA,Marketing,55600,Person;Employee
person_57,Person 57,42,Chicago,Sales,55700,Person;Employee
person_58,Person 58,43,Boston,HR,55800,Person;Employee
person_59,Person 59,44,Seattle,Finance,55900,Person;Employee
person_60,Person 60,45,NYC,Engineering,56000,Person;Employee
person_61,Person 61,46,SF,Marketing,56100,Person;Employee
person_62,Person 62,47,LA,Sales,56200,Person;Employee
person_63,Person 63,48,Chicago,HR,56300,Person;Employee
person_64,Person 64,49,Boston,Finance,56400,Person;Employee
person_65,Person 65,50,Seattle,Engineering,56500,Person;Employee
person_66,Person 66,51,NYC,Marketing,56600,Person;Employee
person_67,Person 67,52,SF,Sales,56700,Person;Employee
person_68,Person 68,53,LA,HR,56800,Person;Employee
person_69,Person 69,54,Chicago,Finance,56900,Person;Employee
person_70,Person 70,55,Boston,Engineering,57000,Person;Employee
person_71,Person 71,56,Seattle,Marketing,57100,Person;Employee
person_72,Person 72,57,NYC,Sales,57200,Person;Employee
person_73,Person 73,58,SF,HR,57300,Person;Employee
person_74,Person 74,59,LA,Finance,57400,Person;Employee
person_75,Person 75,60,Chicago,Engineering,57500,Person;Employee
person_76,Person 76,61,Boston,Marketing,57600,Person;Employee
person_77,Person 77,62,Seattle,Sales,57700,Person;Employee
person_78,Person 78,63,NYC,HR,57800,Person;Employee
person_79,Person 79,64,SF,Finance,57900,Person;Employee
person_80,Person 80,25,LA,Engineering,58000,Person;Employee
person_81,Person 81,26,Chicago,Marketing,58100,Person;Employee
person_82,Person 82,27,Boston,Sales,58200,Person;Employee
person_83,Person 83,28,Seattle,HR,58300,Person;Employee
person_84,Person 84,29,NYC,Finance,58400,Person;Employee
person_85,Person 85,30,SF,Engineering,58500,Person;Employee
person_86,Person 86,31,LA,Marketing,58600,Person;Employee
person_87,Person 87,32,Chicago,Sales,58700,Person;Employee
person_88,Person 88,33,Boston,HR,58800,Person;Employee
person_89,Person 89,34,Seattle,Finance,58900,Person;Employee
person_90,Person 90,35,NYC,Engineering,59000,Person;Employee
person_91,Person 91,36,SF,Marketing,59100,Person;Employee
person_92,Person 92,37,LA,Sales,59200,Person;Employee
person_93,Person 93,38,Chicago,HR,59300,Person;Employee
person_94,Person 94,39,Boston,Finance,59400,Person;Employee
person_95,Person 95,40,Seattle,Engineering,59500,Person;Employee
person_96,Person 96,41,NYC,Marketing,59600,Person;Employee
person_97,Person 97,42,SF,Sales,59700,Person;Employee
person_98,Person 98,43,LA,HR,59800,Person;Employee
person_99,Person 99,44,Chicago,Finance,59900,Person;Employee
person_100,Person 100,45,Boston,Engineering,60000,Person;Employee
person_101,Person 101,46,Seattle,Marketing,60100,Person;Employee
person_102,Person 102,47,NYC,Sales,60200,Person;Employee
person_103,Person 103,48,SF,HR,60300,Person;Employee
person_104,Person 104,49,LA,Finance,60400,Person;Employee
person_105,Person 105,50,Chicago,Engineering,60500,Person;Employee
person_106,Person 106,51,Boston,Marketing,60600,Person;Employee
person_107,Person 107,52,Seattle,Sales,60700,Person;Employee
person_108,Person 108,53,NYC,HR,60800,Person;Employee
person_109,Person 109,54,SF,Finance,60900,Person;Employee
person_110,Person 110,55,LA,Engineering,61000,Person;Employee
person_111,Person 111,56,Chicago,Marketing,61100,Person;Employee
person_112,Person 112,57,Boston,Sales,61200,Person;Employee
person_113,Person 113,58,Seattle,HR,61300,Person;Employee
person_114,Person 114,59,NYC,Finance,61400,Person;Employee
person_115,Person 115,60,SF,Engineering,61500,Person;Employee
person_116,Person 116,61,LA,Marketing,61600,Person;Employee
person_117,Person 117,62,Chicago,Sales,61700,Person;Employee
person_118,Person 118,63,Boston,HR,61800,Person;Employee
person_119,Person 119,64,Seattle,Finance,61900,Person;Employee
person_120,Person 120,25,NYC,Engineering,62000,Person;Employee
person_121,Person 121,26,SF,Marketing,62100,Person;Employee
person_122,Person 122,27,LA,Sales,62200,Person;Employee
person_123,Person 123,28,Chicago,HR,62300,Person;Employee
person_124,Person 124,29,Boston,Finance,62400,Person;Employee
person_125,Person 125,30,Seattle,Engineering,62500,Person;Employee
person_126,Person 126,31,NYC,Marketing,62600,Person;Employee
person_127,Person 127,32,SF,Sales,62700,Person;Employee
person_128,Person 128,33,LA,HR,62800,Person;Employee
person_129,Person 129,34,Chicago,Finance,62900,Person;Employee
person_130,Person 130,35,Boston,Engineering,63000,Person;Employee
person_131,Person 131,36,Seattle,Marketing,63100,Person;Employee
person_132,Person 132,37,NYC,Sales,63200,Person;Employee
person_133,Person 133,38,SF,HR,63300,Person;Employee
person_134,Person 134,39,LA,Finance,63400,Person;Employee
person_135,Person 135,40,Chicago,Engineering,63500,Person;Employee
person_136,Person 136,41,Boston,Marketing,63600,Person;Employee
person_137,Person 137,42,Seattle,Sales,63700,Person;Employee
person_138,Person 138,43,NYC,HR,63800,Person;Employee
person_139,Person 139,44,SF,Finance,63900,Person;Employee
person_140,Person 140,45,LA,Engineering,64000,Person;Employee
person_141,Person 141,46,Chicago,Marketing,64100,Person;Employee
person_142,Person 142,47,Boston,Sales,64200,Person;Employee
person_143,Person 143,48,Seattle,HR,64300,Person;Employee
person_144,Person 144,49,NYC,Finance,64400,Person;Employee
person_145,Person 145,50,SF,Engineering,64500,Person;Employee
person_146,Person 146,51,LA,Marketing,64600,Person;Employee
person_147,Person 147,52,Chicago,Sales,64700,Person;Employee
person_148,Person 148,53,Boston,HR,64800,Person;Employee
person_149,Person 149,54,Seattle,Finance,64900,Person;Employee
person_150,Person 150,55,NYC,Engineering,65000,Person;Employee
person_151,Person 151,56,SF,Marketing,65100,Person;Employee
person_152,Person 152,57,LA,Sales,65200,Person;Employee
person_153,Person 153,58,Chicago,HR,65300,Person;Employee
person_154,Person 154,59,Boston,Finance,65400,Person;Employee
person_155,Person 155,60,Seattle,Engineering,65500,Person;Employee
person_156,Person 156,61,NYC,Marketing,65600,Person;Employee
person_157,Person 157,62,SF,Sales,65700,Person;Employee
person_158,Person 158,63,LA,HR,65800,Person;Employee
person_159,Person 159,64,Chicago,Finance,65900,Person;Employee
person_160,Person 160,25,Boston,Engineering,66000,Person;Employee
person_161,Person 161,26,Seattle,Marketing,66100,Person;Employee
person_162,Person 162,27,NYC,Sales,66200,Person;Employee
person_163,Person 163,28,SF,HR,66300,Person;Employee
person_164,Person 164,29,LA,Finance,66400,Person;Employee
person_165,Person 165,30,Chicago,Engineering,66500,Person;Employee
person_166,Person 166,31,Boston,Marketing,66600,Person;Employee
person_167,Person 167,32,Seattle,Sales,66700,Person;Employee
person_168,Person 168,33,NYC,HR,66800,Person;Employee
person_169,Person 169,34,SF,Finance,66900,Person;Employee
person_170,Person 170,35,LA,Engineering,67000,Person;Employee
person_171,Person 171,36,Chicago,Marketing,67100,Person;Employee
person_172,Person 172,37,Boston,Sales,67200,Person;Employee
person_173,Person 173,38,Seattle,HR,67300,Person;Employee
person_174,Person 174,39,NYC,Finance,67400,Person;Employee
person_175,Person 175,40,SF,Engineering,67500,Person;Employee
person_176,Person 176,41,LA,Marketing,67600,Person;Employee
person_177,Person 177,42,Chicago,Sales,67700,Person;Employee
person_178,Person 178,43,Boston,HR,67800,Person;Employee
person_179,Person 179,44,Seattle,Finance,67900,Person;Employee
person_180,Person 180,45,NYC,Engineering,68000,Person;Employee
person_181,Person 181,46,SF,Marketing,68100,Person;Employee
person_182,Person 182,47,LA,Sales,68200,Person;Employee
person_183,Person 183,48,Chicago,HR,68300,Person;Employee
person_184,Person 184,49,Boston,Finance,68400,Person;Employee
person_185,Person 185,50,Seattle,Engineering,68500,Person;Employee
person_186,Person 186,51,NYC,Marketing,68600,Person;Employee
person_187,Person 187,52,SF,Sales,68700,Person;Employee
person_188,Person 188,53,LA,HR,68800,Person;Employee
person_189,Person 189,54,Chicago,Finance,68900,Person;Employee
person_190,Person 190,55,Boston,Engineering,69000,Person;Employee
person_191,Person 191,56,Seattle,Marketing,69100,Person;Employee
person_192,Person 192,57,NYC,Sales,69200,Person;Employee
person_193,Person 193,58,SF,HR,69300,Person;Employee
person_194,Person 194,59,LA,Finance,69400,Person;Employee
person_195,Person 195,60,Chicago,Engineering,69500,Person;Employee
person_196,Person 196,61,Boston,Marketing,69600,Person;Employee
person_197,Person 197,62,Seattle,Sales,69700,Person;Employee
person_198,Person 198,63,NYC,HR,69800,Person;Employee
person_199,Person 199,64,SF,Finance,69900,Person;Employee
person_200,Person 200,25,LA,Engineering,70000,Person;Employee
person_201,Person 201,26,Chicago,Marketing,70100,Person;Employee
person_202,Person 202,27,Boston,Sales,70200,Person;Employee
person_203,Person 203,28,Seattle,HR,70300,Person;Employee
person_204,Person 204,29,NYC,Finance,70400,Person;Employee
person_205,Person 205,30,SF,Engineering,70500,Person;Employee
person_206,Person 206,31,LA,Marketing,70600,Person;Employee
person_207,Person 207,32,Chicago,Sales,70700,Person;Employee
person_208,Person 208,33,Boston,HR,70800,Person;Employee
person_209,Person 209,34,Seattle,Finance,70900,Person;Employee
person_210,Person 210,35,NYC,Engineering,71000,Person;Employee
person_211,Person 211,36,SF,Marketing,71100,Person;Employee
person_212,Person 212,37,LA,Sales,71200,Person;Employee
person_213,Person 213,38,Chicago,HR,71300,Person;Employee
person_214,Person 214,39,Boston,Finance,71400,Person;Employee
person_215,Person 215,40,Seattle,Engineering,71500,Person;Employee
person_216,Person 216,41,NYC,Marketing,71600,Person;Employee
person_217,Person 217,42,SF,Sales,71700,Person;Employee
person_218,Person 218,43,LA,HR,71800,Person;Employee
person_219,Person 219,44,Chicago,Finance,71900,Person;Employee
person_220,Person 220,45,Boston,Engineering,72000,Person;Employee
person_221,Person 221,46,Seattle,Marketing,72100,Person;Employee
person_222,Person 222,47,NYC,Sales,72200,Person;Employee
person_223,Person 223,48,SF,HR,72300,Person;Employee
person_224,Person 224,49,LA,Finance,72400,Person;Employee
person_225,Person 225,50,Chicago,Engineering,72500,Person;Employee
person_226,Person 226,51,Boston,Marketing,72600,Person;Employee
person_227,Person 227,52,Seattle,Sales,72700,Person;Employee
person_228,Person 228,53,NYC,HR,72800,Person;Employee
person_229,Person 229,54,SF,Finance,72900,Person;Employee
person_230,Person 230,55,LA,Engineering,73000,Person;Employee
person_231,Person 231,56,Chicago,Marketing,73100,Person;Employee
person_232,Person 232,57,Boston,Sales,73200,Person;Employee
person_233,Person 233,58,Seattle,HR,73300,Person;Employee
person_234,Person 234,59,NYC,Finance,73400,Person;Employee
person_235,Person 235,60,SF,Engineering,73500,Person;Employee
person_236,Person 236,61,LA,Marketing,73600,Person;Employee
person_237,Person 237,62,Chicago,Sales,73700,Person;Employee
person_238,Person 238,63,Boston,HR,73800,Person;Employee
person_239,Person 239,64,Seattle,Finance,73900,Person;Employee
person_240,Person 240,25,NYC,Engineering,74000,Person;Employee
person_241,Person 241,26,SF,Marketing,74100,Person;Employee
person_242,Person 242,27,LA,Sales,74200,Person;Employee
person_243,Person 243,28,Chicago,HR,74300,Person;Employee
person_244,Person 244,29,Boston,Finance,74400,Person;Employee
person_245,Person 245,30,Seattle,Engineering,74500,Person;Employee
person_246,Person 246,31,NYC,Marketing,74600,Person;Employee
person_247,Person 247,32,SF,Sales,74700,Person;Employee
person_248,Person 248,33,LA,HR,74800,Person;Employee
person_249,Person 249,34,Chicago,Finance,74900,Person;Employee
person_250,Person 250,35,Boston,Engineering,75000,Person;Employee
person_251,Person 251,36,Seattle,Marketing,75100,Person;Employee
person_252,Person 252,37,NYC,Sales,75200,Person;Employee
person_253,Person 253,38,SF,HR,75300,Person;Employee
person_254,Person 254,39,LA,Finance,75400,Person;Employee
person_255,Person 255,40,Chicago,Engineering,75500,Person;Employee
person_256,Person 256,41,Boston,Marketing,75600,Person;Employee
person_257,Person 257,42,Seattle,Sales,75700,Person;Employee
person_258,Person 258,43,NYC,HR,75800,Person;Employee
person_259,Person 259,44,SF,Finance,75900,Person;Employee
person_260,Person 260,45,LA,Engineering,76000,Person;Employee
person_261,Person 261,46,Chicago,Marketing,76100,Person;Employee
person_262,Person 262,47,Boston,Sales,76200,Person;Employee
person_263,Person 263,48,Seattle,HR,76300,Person;Employee
person_264,Person 264,49,NYC,Finance,76400,Person;Employee
person_265,Person 265,50,SF,Engineering,76500,Person;Employee
person_266,Person 266,51,LA,Marketing,76600,Person;Employee
person_267,Person 267,52,Chicago,Sales,76700,Person;Employee
person_268,Person 268,53,Boston,HR,76800,Person;Employee
person_269,Person 269,54,Seattle,Finance,76900,Person;Employee
person_270,Person 270,55,NYC,Engineering,77000,Person;Employee
person_271,Person 271,56,SF,Marketing,77100,Person;Employee
person_272,Person 272,57,LA,Sales,77200,Person;Employee
person_273,Person 273,58,Chicago,HR,77300,Person;Employee
person_274,Person 274,59,Boston,Finance,77400,Person;Employee
person_275,Person 275,60,Seattle,Engineering,77500,Person;Employee
person_276,Person 276,61,NYC,Marketing,77600,Person;Employee
person_277,Person 277,62,SF,Sales,77700,Person;Employee
person_278,Person 278,63,LA,HR,77800,Person;Employee
person_279,Person 279,64,Chicago,Finance,77900,Person;Employee
person_280,Person 280,25,Boston,Engineering,78000,Person;Employee
person_281,Person 281,26,Seattle,Marketing,78100,Person;Employee
person_282,Person 282,27,NYC,Sales,78200,Person;Employee
person_283,Person 283,28,SF,HR,78300,Person;Employee
person_284,Person 284,29,LA,Finance,78400,Person;Employee
person_285,Person 285,30,Chicago,Engineering,78500,Person;Employee
person_286,Person 286,31,Boston,Marketing,78600,Person;Employee
person_287,Person 287,32,Seattle,Sales,78700,Person;Employee
person_288,Person 288,33,NYC,HR,78800,Person;Employee
person_289,Person 289,34,SF,Finance,78900,Person;Employee
person_290,Person 290,35,LA,Engineering,79000,Person;Employee
person_291,Person 291,36,Chicago,Marketing,79100,Person;Employee
person_292,Person 292,37,Boston,Sales,79200,Person;Employee
person_293,Person 293,38,Seattle,HR,79300,Person;Employee
person_294,Person 294,39,NYC,Finance,79400,Person;Employee
person_295,Person 295,40,SF,Engineering,79500,Person;Employee
person_296,Person 296,41,LA,Marketing,79600,Person;Employee
person_297,Person 297,42,Chicago,Sales,79700,Person;Employee
person_298,Person 298,43,Boston,HR,79800,Person;Employee
person_299,Person 299,44,Seattle,Finance,79900,Person;Employee
person_300,Person 300,45,NYC,Engineering,80000,Person;Employee
person_301,Person 301,46,SF,Marketing,80100,Person;Employee
person_302,Person 302,47,LA,Sales,80200,Person;Employee
person_303,Person 303,48,Chicago,HR,80300,Person;Employee
person_304,Person 304,49,Boston,Finance,80400,Person;Employee
person_305,Person 305,50,Seattle,Engineering,80500,Person;Employee
person_306,Person 306,51,NYC,Marketing,80600,Person;Employee
person_307,Person 307,52,SF,Sales,80700,Person;Employee
person_308,Person 308,53,LA,HR,80800,Person;Employee
person_309,Person 309,54,Chicago,Finance,80900,Person;Employee
person_310,Person 310,55,Boston,Engineering,81000,Person;Employee
person_311,Person 311,56,Seattle,Marketing,81100,Person;Employee
person_312,Person 312,57,NYC,Sales,81200,Person;Employee
person_313,Person 313,58,SF,HR,81300,Person;Employee
person_314,Person 314,59,LA,Finance,81400,Person;Employee
person_315,Person 315,60,Chicago,Engineering,81500,Person;Employee
person_316,Person 316,61,Boston,Marketing,81600,Person;Employee
person_317,Person 317,62,Seattle,Sales,81700,Person;Employee
person_318,Person 318,63,NYC,HR,81800,Person;Employee
person_319,Person 319,64,SF,Finance,81900,Person;Employee
person_320,Person 320,25,LA,Engineering,82000,Person;Employee
person_321,Person 321,26,Chicago,Marketing,82100,Person;Employee
person_322,Person 322,27,Boston,Sales,82200,Person;Employee
person_323,Person 323,28,Seattle,HR,82300,Person;Employee
person_324,Person 324,29,NYC,Finance,82400,Person;Employee
person_325,Person 325,30,SF,Engineering,82500,Person;Employee
person_326,Person 326,31,LA,Marketing,82600,Person;Employee
person_327,Person 327,32,Chicago,Sales,82700,Person;Employee
person_328,Person 328,33,Boston,HR,82800,Person;Employee
person_329,Person 329,34,Seattle,Finance,82900,Person;Employee
person_330,Person 330,35,NYC,Engineering,83000,Person;Employee
person_331,Person 331,36,SF,Marketing,83100,Person;Employee
person_332,Person 332,37,LA,Sales,83200,Person;Employee
person_333,Person 333,38,Chicago,HR,83300,Person;Employee
person_334,Person 334,39,Boston,Finance,83400,Person;Employee
person_335,Person 335,40,Seattle,Engineering,83500,Person;Employee
person_336,Person 336,41,NYC,Marketing,83600,Person;Employee
person_337,Person 337,42,SF,Sales,83700,Person;Employee
person_338,Person 338,43,LA,HR,83800,Person;Employee
person_339,Person 339,44,Chicago,Finance,83900,Person;Employee
person_340,Person 340,45,Boston,Engineering,84000,Person;Employee
person_341,Person 341,46,Seattle,Marketing,84100,Person;Employee
person_342,Person 342,47,NYC,Sales,84200,Person;Employee
person_343,Person 343,48,SF,HR,84300,Person;Employee
person_344,Person 344,49,LA,Finance,84400,Person;Employee
person_345,Person 345,50,Chicago,Engineering,84500,Person;Employee
person_346,Person 346,51,Boston,Marketing,84600,Person;Employee
person_347,Person 347,52,Seattle,Sales,84700,Person;Employee
person_348,Person 348,53,NYC,HR,84800,Person;Employee
person_349,Person 349,54,SF,Finance,84900,Person;Employee
person_350,Person 350,55,LA,Engineering,85000,Person;Employee
person_351,Person 351,56,Chicago,Marketing,85100,Person;Employee
person_352,Person 352,57,Boston,Sales,85200,Person;Employee
person_353,Person 353,58,Seattle,HR,85300,Person;Employee
person_354,Person 354,59,NYC,Finance,85400,Person;Employee
person_355,Person 355,60,SF,Engineering,85500,Person;Employee
person_356,Person 356,61,LA,Marketing,85600,Person;Employee
person_357,Person 357,62,Chicago,Sales,85700,Person;Employee
person_358,Person 358,63,Boston,HR,85800,Person;Employee
person_359,Person 359,64,Seattle,Finance,85900,Person;Employee
person_360,Person 360,25,NYC,Engineering,86000,Person;Employee
person_361,Person 361,26,SF,Marketing,86100,Person;Employee
person_362,Person 362,27,LA,Sales,86200,Person;Employee
person_363,Person 363,28,Chicago,HR,86300,Person;Employee
person_364,Person 364,29,Boston,Finance,86400,Person;Employee
person_365,Person 365,30,Seattle,Engineering,86500,Person;Employee
person_366,Person 366,31,NYC,Marketing,86600,Person;Employee
person_367,Person 367,32,SF,Sales,86700,Person;Employee
person_368,Person 368,33,LA,HR,86800,Person;Employee
person_369,Person 369,34,Chicago,Finance,86900,Person;Employee
person_370,Person 370,35,Boston,Engineering,87000,Person;Employee
person_371,Person 371,36,Seattle,Marketing,87100,Person;Employee
person_372,Person 372,37,NYC,Sales,87200,Person;Employee
person_373,Person 373,38,SF,HR,87300,Person;Employee
person_374,Person 374,39,LA,Finance,87400,Person;Employee
person_375,Person 375,40,Chicago,Engineering,87500,Person;Employee
person_376,Person 376,41,Boston,Marketing,87600,Person;Employee
person_377,Person 377,42,Seattle,Sales,87700,Person;Employee
person_378,Person 378,43,NYC,HR,87800,Person;Employee
person_379,Person 379,44,SF,Finance,87900,Person;Employee
person_380,Person 380,45,LA,Engineering,88000,Person;Employee
person_381,Person 381,46,Chicago,Marketing,88100,Person;Employee
person_382,Person 382,47,Boston,Sales,88200,Person;Employee
person_383,Person 383,48,Seattle,HR,88300,Person;Employee
person_384,Person 384,49,NYC,Finance,88400,Person;Employee
person_385,Person 385,50,SF,Engineering,88500,Person;Employee
person_386,Person 386,51,LA,Marketing,88600,Person;Employee
person_387,Person 387,52,Chicago,Sales,88700,Person;Employee
person_388,Person 388,53,Boston,HR,88800,Person;Employee
person_389,Person 389,54,Seattle,Finance,88900,Person;Employee
person_390,Person 390,55,NYC,Engineering,89000,Person;Employee
person_391,Person 391,56,SF,Marketing,89100,Person;Employee
person_392,Person 392,57,LA,Sales,89200,Person;Employee
person_393,Person 393,58,Chicago,HR,89300,Person;Employee
person_394,Person 394,59,Boston,Finance,89400,Person;Employee
person_395,Person 395,60,Seattle,Engineering,89500,Person;Employee
person_396,Person 396,61,NYC,Marketing,89600,Person;Employee
person_397,Person 397,62,SF,Sales,89700,Person;Employee
person_398,Person 398,63,LA,HR,89800,Person;Employee
person_399,Person 399,64,Chicago,Finance,89900,Person;Employee
person_400,Person 400,25,Boston,Engineering,90000,Person;Employee
person_401,Person 401,26,Seattle,Marketing,90100,Person;Employee
person_402,Person 402,27,NYC,Sales,90200,Person;Employee
person_403,Person 403,28,SF,HR,90300,Person;Employee
person_404,Person 404,29,LA,Finance,90400,Person;Employee
person_405,Person 405,30,Chicago,Engineering,90500,Person;Employee
person_406,Person 406,31,Boston,Marketing,90600,Person;Employee
person_407,Person 407,32,Seattle,Sales,90700,Person;Employee
person_408,Person 408,33,NYC,HR,90800,Person;Employee
person_409,Person 409,34,SF,Finance,90900,Person;Employee
person_410,Person 410,35,LA,Engineering,91000,Person;Employee
person_411,Person 411,36,Chicago,Marketing,91100,Person;Employee
person_412,Person 412,37,Boston,Sales,91200,Person;Employee
person_413,Person 413,38,Seattle,HR,91300,Person;Employee
person_414,Person 414,39,NYC,Finance,91400,Person;Employee
person_415,Person 415,40,SF,Engineering,91500,Person;Employee
person_416,Person 416,41,LA,Marketing,91600,Person;Employee
person_417,Person 417,42,Chicago,Sales,91700,Person;Employee
person_418,Person 418,43,Boston,HR,91800,Person;Employee
person_419,Person 419,44,Seattle,Finance,91900,Person;Employee
person_420,Person 420,45,NYC,Engineering,92000,Person;Employee
person_421,Person 421,46,SF,Marketing,92100,Person;Employee
person_422,Person 422,47,LA,Sales,92200,Person;Employee
person_423,Person 423,48,Chicago,HR,92300,Person;Employee
person_424,Person 424,49,Boston,Finance,92400,Person;Employee
person_425,Person 425,50,Seattle,Engineering,92500,Person;Employee
person_426,Person 426,51,NYC,Marketing,92600,Person;Employee
person_427,Person 427,52,SF,Sales,92700,Person;Employee
person_428,Person 428,53,LA,HR,92800,Person;Employee
person_429,Person 429,54,Chicago,Finance,92900,Person;Employee
person_430,Person 430,55,Boston,Engineering,93000,Person;Employee
person_431,Person 431,56,Seattle,Marketing,93100,Person;Employee
person_432,Person 432,57,NYC,Sales,93200,Person;Employee
person_433,Person 433,58,SF,HR,93300,Person;Employee
person_434,Person 434,59,LA,Finance,93400,Person;Employee
person_435,Person 435,60,Chicago,Engineering,93500,Person;Employee
person_436,Person 436,61,Boston,Marketing,93600,Person;Employee
person_437,Person 437,62,Seattle,Sales,93700,Person;Employee
person_438,Person 438,63,NYC,HR,93800,Person;Employee
person_439,Person 439,64,SF,Finance,93900,Person;Employee
person_440,Person 440,25,LA,Engineering,94000,Person;Employee
person_441,Person 441,26,Chicago,Marketing,94100,Person;Employee
person_442,Person 442,27,Boston,Sales,94200,Person;Employee
person_443,Person 443,28,Seattle,HR,94300,Person;Employee
person_444,Person 444,29,NYC,Finance,94400,Person;Employee
person_445,Person 445,30,SF,Engineering,94500,Person;Employee
person_446,Person 446,31,LA,Marketing,94600,Person;Employee
person_447,Person 447,32,Chicago,Sales,94700,Person;Employee
person_448,Person 448,33,Boston,HR,94800,Person;Employee
person_449,Person 449,34,Seattle,Finance,94900,Person;Employee
person_450,Person 450,35,NYC,Engineering,95000,Person;Employee
person_451,Person 451,36,SF,Marketing,95100,Person;Employee
person_452,Person 452,37,LA,Sales,95200,Person;Employee
person_453,Person 453,38,Chicago,HR,95300,Person;Employee
person_454,Person 454,39,Boston,Finance,95400,Person;Employee
person_455,Person 455,40,Seattle,Engineering,95500,Person;Employee
person_456,Person 456,41,NYC,Marketing,95600,Person;Employee
person_457,Person 457,42,SF,Sales,95700,Person;Employee
person_458,Person 458,43,LA,HR,95800,Person;Employee
person_459,Person 459,44,Chicago,Finance,95900,Person;Employee
person_460,Person 460,45,Boston,Engineering,96000,Person;Employee
person_461,Person 461,46,Seattle,Marketing,96100,Person;Employee
person_462,Person 462,47,NYC,Sales,96200,Person;Employee
person_463,Person 463,48,SF,HR,96300,Person;Employee
person_464,Person 464,49,LA,Finance,96400,Person;Employee
person_465,Person 465,50,Chicago,Engineering,96500,Person;Employee
person_466,Person 466,51,Boston,Marketing,96600,Person;Employee
person_467,Person 467,52,Seattle,Sales,96700,Person;Employee
person_468,Person 468,53,NYC,HR,96800,Person;Employee
person_469,Person 469,54,SF,Finance,96900,Person;Employee
person_470,Person 470,55,LA,Engineering,97000,Person;Employee
person_471,Person 471,56,Chicago,Marketing,97100,Person;Employee
person_472,Person 472,57,Boston,Sales,97200,Person;Employee
person_473,Person 473,58,Seattle,HR,97300,Person;Employee
person_474,Person 474,59,NYC,Finance,97400,Person;Employee
person_475,Person 475,60,SF,Engineering,97500,Person;Employee
person_476,Person 476,61,LA,Marketing,97600,Person;Employee
person_477,Person 477,62,Chicago,Sales,97700,Person;Employee
person_478,Person 478,63,Boston,HR,97800,Person;Employee
person_479,Person 479,64,Seattle,Finance,97900,Person;Employee
person_480,Person 480,25,NYC,Engineering,98000,Person;Employee
person_481,Person 481,26,SF,Marketing,98100,Person;Employee
person_482,Person 482,27,LA,Sales,98200,Person;Employee
person_483,Person 483,28,Chicago,HR,98300,Person;Employee
person_484,Person 484,29,Boston,Finance,98400,Person;Employee
person_485,Person 485,30,Seattle,Engineering,98500,Person;Employee
person_486,Person 486,31,NYC,Marketing,98600,Person;Employee
person_487,Person 487,32,SF,Sales,98700,Person;Employee
person_488,Person 488,33,LA,HR,98800,Person;Employee
person_489,Person 489,34,Chicago,Finance,98900,Person;Employee
person_490,Person 490,35,Boston,Engineering,99000,Person;Employee
person_491,Person 491,36,Seattle,Marketing,99100,Person;Employee
person_492,Person 492,37,NYC,Sales,99200,Person;Employee
person_493,Person 493,38,SF,HR,99300,Person;Employee
person_494,Person 494,39,LA,Finance,99400,Person;Employee
person_495,Person 495,40,Chicago,Engineering,99500,Person;Employee
person_496,Person 496,41,Boston,Marketing,99600,Person;Employee
person_497,Person 497,42,Seattle,Sales,99700,Person;Employee
person_498,Person 498,43,NYC,HR,99800,Person;Employee
person_499,Person 499,44,SF,Finance,99900,Person;Employee
person_500,Person 500,45,LA,Engineering,100000,Person;Employee
person_501,Person 501,46,Chicago,Marketing,100100,Person;Employee
person_502,Person 502,47,Boston,Sales,100200,Person;Employee
person_503,Person 503,48,Seattle,HR,100300,Person;Employee
person_504,Person 504,49,NYC,Finance,100400,Person;Employee
person_505,Person 505,50,SF,Engineering,100500,Person;Employee
person_506,Person 506,51,LA,Marketing,100600,Person;Employee
person_507,Person 507,52,Chicago,Sales,100700,Person;Employee
person_508,Person 508,53,Boston,HR,100800,Person;Employee
person_509,Person 509,54,Seattle,Finance,100900,Person;Employee
person_510,Person 510,55,NYC,Engineering,101000,Person;Employee
person_511,Person 511,56,SF,Marketing,101100,Person;Employee
person_512,Person 512,57,LA,Sales,101200,Person;Employee
person_513,Person 513,58,Chicago,HR,101300,Person;Employee
person_514,Person 514,59,Boston,Finance,101400,Person;Employee
person_515,Person 515,60,Seattle,Engineering,101500,Person;Employee
person_516,Person 516,61,NYC,Marketing,101600,Person;Employee
person_517,Person 517,62,SF,Sales,101700,Person;Employee
person_518,Person 518,63,LA,HR,101800,Person;Employee
person_519,Person 519,64,Chicago,Finance,101900,Person;Employee
person_520,Person 520,25,Boston,Engineering,102000,Person;Employee
person_521,Person 521,26,Seattle,Marketing,102100,Person;Employee
person_522,Person 522,27,NYC,Sales,102200,Person;Employee
person_523,Person 523,28,SF,HR,102300,Person;Employee
person_524,Person 524,29,LA,Finance,102400,Person;Employee
person_525,Person 525,30,Chicago,Engineering,102500,Person;Employee
person_526,Person 526,31,Boston,Marketing,102600,Person;Employee
person_527,Person 527,32,Seattle,Sales,102700,Person;Employee
person_528,Person 528,33,NYC,HR,102800,Person;Employee
person_529,Person 529,34,SF,Finance,102900,Person;Employee
person_530,Person 530,35,LA,Engineering,103000,Person;Employee
person_531,Person 531,36,Chicago,Marketing,103100,Person;Employee
person_532,Person 532,37,Boston,Sales,103200,Person;Employee
person_533,Person 533,38,Seattle,HR,103300,Person;Employee
person_534,Person 534,39,NYC,Finance,103400,Person;Employee
person_535,Person 535,40,SF,Engineering,103500,Person;Employee
person_536,Person 536,41,LA,Marketing,103600,Person;Employee
person_537,Person 537,42,Chicago,Sales,103700,Person;Employee
person_538,Person 538,43,Boston,HR,103800,Person;Employee
person_539,Person 539,44,Seattle,Finance,103900,Person;Employee
person_540,Person 540,45,NYC,Engineering,104000,Person;Employee
person_541,Person 541,46,SF,Marketing,104100,Person;Employee
person_542,Person 542,47,LA,Sales,104200,Person;Employee
person_543,Person 543,48,Chicago,HR,104300,Person;Employee
person_544,Person 544,49,Boston,Finance,104400,Person;Employee
person_545,Person 545,50,Seattle,Engineering,104500,Person;Employee
person_546,Person 546,51,NYC,Marketing,104600,Person;Employee
person_547,Person 547,52,SF,Sales,104700,Person;Employee
person_548,Person 548,53,LA,HR,104800,Person;Employee
person_549,Person 549,54,Chicago,Finance,104900,Person;Employee
person_550,Person 550,55,Boston,Engineering,105000,Person;Employee
person_551,Person 551,56,Seattle,Marketing,105100,Person;Employee
person_552,Person 552,57,NYC,Sales,105200,Person;Employee
person_553,Person 553,58,SF,HR,105300,Person;Employee
person_554,Person 554,59,LA,Finance,105400,Person;Employee
person_555,Person 555,60,Chicago,Engineering,105500,Person;Employee
person_556,Person 556,61,Boston,Marketing,105600,Person;Employee
person_557,Person 557,62,Seattle,Sales,105700,Person;Employee
person_558,Person 558,63,NYC,HR,105800,Person;Employee
person_559,Person 559,64,SF,Finance,105900,Person;Employee
person_560,Person 560,25,LA,Engineering,106000,Person;Employee
person_561,Person 561,26,Chicago,Marketing,106100,Person;Employee
person_562,Person 562,27,Boston,Sales,106200,Person;Employee
person_563,Person 563,28,Seattle,HR,106300,Person;Employee
person_564,Person 564,29,NYC,Finance,106400,Person;Employee
person_565,Person 565,30,SF,Engineering,106500,Person;Employee
person_566,Person 566,31,LA,Marketing,106600,Person;Employee
person_567,Person 567,32,Chicago,Sales,106700,Person;Employee
person_568,Person 568,33,Boston,HR,106800,Person;Employee
person_569,Person 569,34,Seattle,Finance,106900,Person;Employee
person_570,Person 570,35,NYC,Engineering,107000,Person;Employee
person_571,Person 571,36,SF,Marketing,107100,Person;Employee
person_572,Person 572,37,LA,Sales,107200,Person;Employee
person_573,Person 573,38,Chicago,HR,107300,Person;Employee
person_574,Person 574,39,Boston,Finance,107400,Person;Employee
person_575,Person 575,40,Seattle,Engineering,107500,Person;Employee
person_576,Person 576,41,NYC,Marketing,107600,Person;Employee
person_577,Person 577,42,SF,Sales,107700,Person;Employee
person_578,Person 578,43,LA,HR,107800,Person;Employee
person_579,Person 579,44,Chicago,Finance,107900,Person;Employee
person_580,Person 580,45,Boston,Engineering,108000,Person;Employee
person_581,Person 581,46,Seattle,Marketing,108100,Person;Employee
person_582,Person 582,47,NYC,Sales,108200,Person;Employee
person_583,Person 583,48,SF,HR,108300,Person;Employee
person_584,Person 584,49,LA,Finance,108400,Person;Employee
person_585,Person 585,50,Chicago,Engineering,108500,Person;Employee
person_586,Person 586,51,Boston,Marketing,108600,Person;Employee
person_587,Person 587,52,Seattle,Sales,108700,Person;Employee
person_588,Person 588,53,NYC,HR,108800,Person;Employee
person_589,Person 589,54,SF,Finance,108900,Person;Employee
person_590,Person 590,55,LA,Engineering,109000,Person;Employee
person_591,Person 591,56,Chicago,Marketing,109100,Person;Employee
person_592,Person 592,57,Boston,Sales,109200,Person;Employee
person_593,Person 593,58,Seattle,HR,109300,Person;Employee
person_594,Person 594,59,NYC,Finance,109400,Person;Employee
person_595,Person 595,60,SF,Engineering,109500,Person;Employee
person_596,Person 596,61,LA,Marketing,109600,Person;Employee
person_597,Person 597,62,Chicago,Sales,109700,Person;Employee
person_598,Person 598,63,Boston,HR,109800,Person;Employee
person_599,Person 599,64,Seattle,Finance,109900,Person;Employee
person_600,Person 600,25,NYC,Engineering,110000,Person;Employee
person_601,Person 601,26,SF,Marketing,110100,Person;Employee
person_602,Person 602,27,LA,Sales,110200,Person;Employee
person_603,Person 603,28,Chicago,HR,110300,Person;Employee
person_604,Person 604,29,Boston,Finance,110400,Person;Employee
person_605,Person 605,30,Seattle,Engineering,110500,Person;Employee
person_606,Person 606,31,NYC,Marketing,110600,Person;Employee
person_607,Person 607,32,SF,Sales,110700,Person;Employee
person_608,Person 608,33,LA,HR,110800,Person;Employee
person_609,Person 609,34,Chicago,Finance,110900,Person;Employee
person_610,Person 610,35,Boston,Engineering,111000,Person;Employee
person_611,Person 611,36,Seattle,Marketing,111100,Person;Employee
person_612,Person 612,37,NYC,Sales,111200,Person;Employee
person_613,Person 613,38,SF,HR,111300,Person;Employee
person_614,Person 614,39,LA,Finance,111400,Person;Employee
person_615,Person 615,40,Chicago,Engineering,111500,Person;Employee
person_616,Person 616,41,Boston,Marketing,111600,Person;Employee
person_617,Person 617,42,Seattle,Sales,111700,Person;Employee
person_618,Person 618,43,NYC,HR,111800,Person;Employee
person_619,Person 619,44,SF,Finance,111900,Person;Employee
person_620,Person 620,45,LA,Engineering,112000,Person;Employee
person_621,Person 621,46,Chicago,Marketing,112100,Person;Employee
person_622,Person 622,47,Boston,Sales,112200,Person;Employee
person_623,Person 623,48,Seattle,HR,112300,Person;Employee
person_624,Person 624,49,NYC,Finance,112400,Person;Employee
person_625,Person 625,50,SF,Engineering,112500,Person;Employee
person_626,Person 626,51,LA,Marketing,112600,Person;Employee
person_627,Person 627,52,Chicago,Sales,112700,Person;Employee
person_628,Person 628,53,Boston,HR,112800,Person;Employee
person_629,Person 629,54,Seattle,Finance,112900,Person;Employee
person_630,Person 630,55,NYC,Engineering,113000,Person;Employee
person_631,Person 631,56,SF,Marketing,113100,Person;Employee
person_632,Person 632,57,LA,Sales,113200,Person;Employee
person_633,Person 633,58,Chicago,HR,113300,Person;Employee
person_634,Person 634,59,Boston,Finance,113400,Person;Employee
person_635,Person 635,60,Seattle,Engineering,113500,Person;Employee
person_636,Person 636,61,NYC,Marketing,113600,Person;Employee
person_637,Person 637,62,SF,Sales,113700,Person;Employee
person_638,Person 638,63,LA,HR,113800,Person;Employee
person_639,Person 639,64,Chicago,Finance,113900,Person;Employee
person_640,Person 640,25,Boston,Engineering,114000,Person;Employee
person_641,Person 641,26,Seattle,Marketing,114100,Person;Employee
person_642,Person 642,27,NYC,Sales,114200,Person;Employee
person_643,Person 643,28,SF,HR,114300,Person;Employee
person_644,Person 644,29,LA,Finance,114400,Person;Employee
person_645,Person 645,30,Chicago,Engineering,114500,Person;Employee
person_646,Person 646,31,Boston,Marketing,114600,Person;Employee
person_647,Person 647,32,Seattle,Sales,114700,Person;Employee
person_648,Person 648,33,NYC,HR,114800,Person;Employee
person_649,Person 649,34,SF,Finance,114900,Person;Employee
person_650,Person 650,35,LA,Engineering,115000,Person;Employee
person_651,Person 651,36,Chicago,Marketing,115100,Person;Employee
person_652,Person 652,37,Boston,Sales,115200,Person;Employee
person_653,Person 653,38,Seattle,HR,115300,Person;Employee
person_654,Person 654,39,NYC,Finance,115400,Person;Employee
person_655,Person 655,40,SF,Engineering,115500,Person;Employee
person_656,Person 656,41,LA,Marketing,115600,Person;Employee
person_657,Person 657,42,Chicago,Sales,115700,Person;Employee
person_658,Person 658,43,Boston,HR,115800,Person;Employee
person_659,Person 659,44,Seattle,Finance,115900,Person;Employee
person_660,Person 660,45,NYC,Engineering,116000,Person;Employee
person_661,Person 661,46,SF,Marketing,116100,Person;Employee
person_662,Person 662,47,LA,Sales,116200,Person;Employee
person_663,Person 663,48,Chicago,HR,116300,Person;Employee
person_664,Person 664,49,Boston,Finance,116400,Person;Employee
person_665,Person 665,50,Seattle,Engineering,116500,Person;Employee
person_666,Person 666,51,NYC,Marketing,116600,Person;Employee
person_667,Person 667,52,SF,Sales,116700,Person;Employee
person_668,Person 668,53,LA,HR,116800,Person;Employee
person_669,Person 669,54,Chicago,Finance,116900,Person;Employee
person_670,Person 670,55,Boston,Engineering,117000,Person;Employee
person_671,Person 671,56,Seattle,Marketing,117100,Person;Employee
person_672,Person 672,57,NYC,Sales,117200,Person;Employee
person_673,Person 673,58,SF,HR,117300,Person;Employee
person_674,Person 674,59,LA,Finance,117400,Person;Employee
person_675,Person 675,60,Chicago,Engineering,117500,Person;Employee
person_676,Person 676,61,Boston,Marketing,117600,Person;Employee
person_677,Person 677,62,Seattle,Sales,117700,Person;Employee
person_678,Person 678,63,NYC,HR,117800,Person;Employee
person_679,Person 679,64,SF,Finance,117900,Person;Employee
person_680,Person 680,25,LA,Engineering,118000,Person;Employee
person_681,Person 681,26,Chicago,Marketing,118100,Person;Employee
person_682,Person 682,27,Boston,Sales,118200,Person;Employee
person_683,Person 683,28,Seattle,HR,118300,Person;Employee
person_684,Person 684,29,NYC,Finance,118400,Person;Employee
person_685,Person 685,30,SF,Engineering,118500,Person;Employee
person_686,Person 686,31,LA,Marketing,118600,Person;Employee
person_687,Person 687,32,Chicago,Sales,118700,Person;Employee
person_688,Person 688,33,Boston,HR,118800,Person;Employee
person_689,Person 689,34,Seattle,Finance,118900,Person;Employee
person_690,Person 690,35,NYC,Engineering,119000,Person;Employee
person_691,Person 691,36,SF,Marketing,119100,Person;Employee
person_692,Person 692,37,LA,Sales,119200,Person;Employee
person_693,Person 693,38,Chicago,HR,119300,Person;Employee
person_694,Person 694,39,Boston,Finance,119400,Person;Employee
person_695,Person 695,40,Seattle,Engineering,119500,Person;Employee
person_696,Person 696,41,NYC,Marketing,119600,Person;Employee
person_697,Person 697,42,SF,Sales,119700,Person;Employee
person_698,Person 698,43,LA,HR,119800,Person;Employee
person_699,Person 699,44,Chicago,Finance,119900,Person;Employee
person_700,Person 700,45,Boston,Engineering,120000,Person;Employee
person_701,Person 701,46,Seattle,Marketing,120100,Person;Employee
person_702,Person 702,47,NYC,Sales,120200,Person;Employee
person_703,Person 703,48,SF,HR,120300,Person;Employee
person_704,Person 704,49,LA,Finance,120400,Person;Employee
person_705,Person 705,50,Chicago,Engineering,120500,Person;Employee
person_706,Person 706,51,Boston,Marketing,120600,Person;Employee
person_707,Person 707,52,Seattle,Sales,120700,Person;Employee
person_708,Person 708,53,NYC,HR,120800,Person;Employee
person_709,Person 709,54,SF,Finance,120900,Person;Employee
person_710,Person 710,55,LA,Engineering,121000,Person;Employee
person_711,Person 711,56,Chicago,Marketing,121100,Person;Employee
person_712,Person 712,57,Boston,Sales,121200,Person;Employee
person_713,Person 713,58,Seattle,HR,121300,Person;Employee
person_714,Person 714,59,NYC,Finance,121400,Person;Employee
person_715,Person 715,60,SF,Engineering,121500,Person;Employee
person_716,Person 716,61,LA,Marketing,121600,Person;Employee
person_717,Person 717,62,Chicago,Sales,121700,Person;Employee
person_718,Person 718,63,Boston,HR,121800,Person;Employee
person_719,Person 719,64,Seattle,Finance,121900,Person;Employee
person_720,Person 720,25,NYC,Engineering,122000,Person;Employee
person_721,Person 721,26,SF,Marketing,122100,Person;Employee
person_722,Person 722,27,LA,Sales,122200,Person;Employee
person_723,Person 723,28,Chicago,HR,122300,Person;Employee
person_724,Person 724,29,Boston,Finance,122400,Person;Employee
person_725,Person 725,30,Seattle,Engineering,122500,Person;Employee
person_726,Person 726,31,NYC,Marketing,122600,Person;Employee
person_727,Person 727,32,SF,Sales,122700,Person;Employee
person_728,Person 728,33,LA,HR,122800,Person;Employee
person_729,Person 729,34,Chicago,Finance,122900,Person;Employee
person_730,Person 730,35,Boston,Engineering,123000,Person;Employee
person_731,Person 731,36,Seattle,Marketing,123100,Person;Employee
person_732,Person 732,37,NYC,Sales,123200,Person;Employee
person_733,Person 733,38,SF,HR,123300,Person;Employee
person_734,Person 734,39,LA,Finance,123400,Person;Employee
person_735,Person 735,40,Chicago,Engineering,123500,Person;Employee
person_736,Person 736,41,Boston,Marketing,123600,Person;Employee
person_737,Person 737,42,Seattle,Sales,123700,Person;Employee
person_738,Person 738,43,NYC,HR,123800,Person;Employee
person_739,Person 739,44,SF,Finance,123900,Person;Employee
person_740,Person 740,45,LA,Engineering,124000,Person;Employee
person_741,Person 741,46,Chicago,Marketing,124100,Person;Employee
person_742,Person 742,47,Boston,Sales,124200,Person;Employee
person_743,Person 743,48,Seattle,HR,124300,Person;Employee
person_744,Person 744,49,NYC,Finance,124400,Person;Employee
person_745,Person 745,50,SF,Engineering,124500,Person;Employee
person_746,Person 746,51,LA,Marketing,124600,Person;Employee
person_747,Person 747,52,Chicago,Sales,124700,Person;Employee
person_748,Person 748,53,Boston,HR,124800,Person;Employee
person_749,Person 749,54,Seattle,Finance,124900,Person;Employee
person_750,Person 750,55,NYC,Engineering,125000,Person;Employee
person_751,Person 751,56,SF,Marketing,125100,Person;Employee
person_752,Person 752,57,LA,Sales,125200,Person;Employee
person_753,Person 753,58,Chicago,HR,125300,Person;Employee
person_754,Person 754,59,Boston,Finance,125400,Person;Employee
person_755,Person 755,60,Seattle,Engineering,125500,Person;Employee
person_756,Person 756,61,NYC,Marketing,125600,Person;Employee
person_757,Person 757,62,SF,Sales,125700,Person;Employee
person_758,Person 758,63,LA,HR,125800,Person;Employee
person_759,Person 759,64,Chicago,Finance,125900,Person;Employee
person_760,Person 760,25,Boston,Engineering,126000,Person;Employee
person_761,Person 761,26,Seattle,Marketing,126100,Person;Employee
person_762,Person 762,27,NYC,Sales,126200,Person;Employee
person_763,Person 763,28,SF,HR,126300,Person;Employee
person_764,Person 764,29,LA,Finance,126400,Person;Employee
person_765,Person 765,30,Chicago,Engineering,126500,Person;Employee
person_766,Person 766,31,Boston,Marketing,126600,Person;Employee
person_767,Person 767,32,Seattle,Sales,126700,Person;Employee
person_768,Person 768,33,NYC,HR,126800,Person;Employee
person_769,Person 769,34,SF,Finance,126900,Person;Employee
person_770,Person 770,35,LA,Engineering,127000,Person;Employee
person_771,Person 771,36,Chicago,Marketing,127100,Person;Employee
person_772,Person 772,37,Boston,Sales,127200,Person;Employee
person_773,Person 773,38,Seattle,HR,127300,Person;Employee
person_774,Person 774,39,NYC,Finance,127400,Person;Employee
person_775,Person 775,40,SF,Engineering,127500,Person;Employee
person_776,Person 776,41,LA,Marketing,127600,Person;Employee
person_777,Person 777,42,Chicago,Sales,127700,Person;Employee
person_778,Person 778,43,Boston,HR,127800,Person;Employee
person_779,Person 779,44,Seattle,Finance,127900,Person;Employee
person_780,Person 780,45,NYC,Engineering,128000,Person;Employee
person_781,Person 781,46,SF,Marketing,128100,Person;Employee
person_782,Person 782,47,LA,Sales,128200,Person;Employee
person_783,Person 783,48,Chicago,HR,128300,Person;Employee
person_784,Person 784,49,Boston,Finance,128400,Person;Employee
person_785,Person 785,50,Seattle,Engineering,128500,Person;Employee
person_786,Person 786,51,NYC,Marketing,128600,Person;Employee
person_787,Person 787,52,SF,Sales,128700,Person;Employee
person_788,Person 788,53,LA,HR,128800,Person;Employee
person_789,Person 789,54,Chicago,Finance,128900,Person;Employee
person_790,Person 790,55,Boston,Engineering,129000,Person;Employee
person_791,Person 791,56,Seattle,Marketing,129100,Person;Employee
person_792,Person 792,57,NYC,Sales,129200,Person;Employee
person_793,Person 793,58,SF,HR,129300,Person;Employee
person_794,Person 794,59,LA,Finance,129400,Person;Employee
person_795,Person 795,60,Chicago,Engineering,129500,Person;Employee
person_796,Person 796,61,Boston,Marketing,129600,Person;Employee
person_797,Person 797,62,Seattle,Sales,129700,Person;Employee
person_798,Person 798,63,NYC,HR,129800,Person;Employee
person_799,Person 799,64,SF,Finance,129900,Person;Employee
person_800,Person 800,25,LA,Engineering,130000,Person;Employee
person_801,Person 801,26,Chicago,Marketing,130100,Person;Employee
person_802,Person 802,27,Boston,Sales,130200,Person;Employee
person_803,Person 803,28,Seattle,HR,130300,Person;Employee
person_804,Person 804,29,NYC,Finance,130400,Person;Employee
person_805,Person 805,30,SF,Engineering,130500,Person;Employee
person_806,Person 806,31,LA,Marketing,130600,Person;Employee
person_807,Person 807,32,Chicago,Sales,130700,Person;Employee
person_808,Person 808,33,Boston,HR,130800,Person;Employee
person_809,Person 809,34,Seattle,Finance,130900,Person;Employee
person_810,Person 810,35,NYC,Engineering,131000,Person;Employee
person_811,Person 811,36,SF,Marketing,131100,Person;Employee
person_812,Person 812,37,LA,Sales,131200,Person;Employee
person_813,Person 813,38,Chicago,HR,131300,Person;Employee
person_814,Person 814,39,Boston,Finance,131400,Person;Employee
person_815,Person 815,40,Seattle,Engineering,131500,Person;Employee
person_816,Person 816,41,NYC,Marketing,131600,Person;Employee
person_817,Person 817,42,SF,Sales,131700,Person;Employee
person_818,Person 818,43,LA,HR,131800,Person;Employee
person_819,Person 819,44,Chicago,Finance,131900,Person;Employee
person_820,Person 820,45,Boston,Engineering,132000,Person;Employee
person_821,Person 821,46,Seattle,Marketing,132100,Person;Employee
person_822,Person 822,47,NYC,Sales,132200,Person;Employee
person_823,Person 823,48,SF,HR,132300,Person;Employee
person_824,Person 824,49,LA,Finance,132400,Person;Employee
person_825,Person 825,50,Chicago,Engineering,132500,Person;Employee
person_826,Person 826,51,Boston,Marketing,132600,Person;Employee
person_827,Person 827,52,Seattle,Sales,132700,Person;Employee
person_828,Person 828,53,NYC,HR,132800,Person;Employee
person_829,Person 829,54,SF,Finance,132900,Person;Employee
person_830,Person 830,55,LA,Engineering,133000,Person;Employee
person_831,Person 831,56,Chicago,Marketing,133100,Person;Employee
person_832,Person 832,57,Boston,Sales,133200,Person;Employee
person_833,Person 833,58,Seattle,HR,133300,Person;Employee
person_834,Person 834,59,NYC,Finance,133400,Person;Employee
person_835,Person 835,60,SF,Engineering,133500,Person;Employee
person_836,Person 836,61,LA,Marketing,133600,Person;Employee
person_837,Person 837,62,Chicago,Sales,133700,Person;Employee
person_838,Person 838,63,Boston,HR,133800,Person;Employee
person_839,Person 839,64,Seattle,Finance,133900,Person;Employee
person_840,Person 840,25,NYC,Engineering,134000,Person;Employee
person_841,Person 841,26,SF,Marketing,134100,Person;Employee
person_842,Person 842,27,LA,Sales,134200,Person;Employee
person_843,Person 843,28,Chicago,HR,134300,Person;Employee
person_844,Person 844,29,Boston,Finance,134400,Person;Employee
person_845,Person 845,30,Seattle,Engineering,134500,Person;Employee
person_846,Person 846,31,NYC,Marketing,134600,Person;Employee
person_847,Person 847,32,SF,Sales,134700,Person;Employee
person_848,Person 848,33,LA,HR,134800,Person;Employee
person_849,Person 849,34,Chicago,Finance,134900,Person;Employee
person_850,Person 850,35,Boston,Engineering,135000,Person;Employee
person_851,Person 851,36,Seattle,Marketing,135100,Person;Employee
person_852,Person 852,37,NYC,Sales,135200,Person;Employee
person_853,Person 853,38,SF,HR,135300,Person;Employee
person_854,Person 854,39,LA,Finance,135400,Person;Employee
person_855,Person 855,40,Chicago,Engineering,135500,Person;Employee
person_856,Person 856,41,Boston,Marketing,135600,Person;Employee
person_857,Person 857,42,Seattle,Sales,135700,Person;Employee
person_858,Person 858,43,NYC,HR,135800,Person;Employee
person_859,Person 859,44,SF,Finance,135900,Person;Employee
person_860,Person 860,45,LA,Engineering,136000,Person;Employee
person_861,Person 861,46,Chicago,Marketing,136100,Person;Employee
person_862,Person 862,47,Boston,Sales,136200,Person;Employee
person_863,Person 863,48,Seattle,HR,136300,Person;Employee
person_864,Person 864,49,NYC,Finance,136400,Person;Employee
person_865,Person 865,50,SF,Engineering,136500,Person;Employee
person_866,Person 866,51,LA,Marketing,136600,Person;Employee
person_867,Person 867,52,Chicago,Sales,136700,Person;Employee
person_868,Person 868,53,Boston,HR,136800,Person;Employee
person_869,Person 869,54,Seattle,Finance,136900,Person;Employee
person_870,Person 870,55,NYC,Engineering,137000,Person;Employee
person_871,Person 871,56,SF,Marketing,137100,Person;Employee
person_872,Person 872,57,LA,Sales,137200,Person;Employee
person_873,Person 873,58,Chicago,HR,137300,Person;Employee
person_874,Person 874,59,Boston,Finance,137400,Person;Employee
person_875,Person 875,60,Seattle,Engineering,137500,Person;Employee
person_876,Person 876,61,NYC,Marketing,137600,Person;Employee
person_877,Person 877,62,SF,Sales,137700,Person;Employee
person_878,Person 878,63,LA,HR,137800,Person;Employee
person_879,Person 879,64,Chicago,Finance,137900,Person;Employee
person_880,Person 880,25,Boston,Engineering,138000,Person;Employee
person_881,Person 881,26,Seattle,Marketing,138100,Person;Employee
person_882,Person 882,27,NYC,Sales,138200,Person;Employee
person_883,Person 883,28,SF,HR,138300,Person;Employee
person_884,Person 884,29,LA,Finance,138400,Person;Employee
person_885,Person 885,30,Chicago,Engineering,138500,Person;Employee
person_886,Person 886,31,Boston,Marketing,138600,Person;Employee
person_887,Person 887,32,Seattle,Sales,138700,Person;Employee
person_888,Person 888,33,NYC,HR,138800,Person;Employee
person_889,Person 889,34,SF,Finance,138900,Person;Employee
person_890,Person 890,35,LA,Engineering,139000,Person;Employee
person_891,Person 891,36,Chicago,Marketing,139100,Person;Employee
person_892,Person 892,37,Boston,Sales,139200,Person;Employee
person_893,Person 893,38,Seattle,HR,139300,Person;Employee
person_894,Person 894,39,NYC,Finance,139400,Person;Employee
person_895,Person 895,40,SF,Engineering,139500,Person;Employee
person_896,Person 896,41,LA,Marketing,139600,Person;Employee
person_897,Person 897,42,Chicago,Sales,139700,Person;Employee
person_898,Person 898,43,Boston,HR,139800,Person;Employee
person_899,Person 899,44,Seattle,Finance,139900,Person;Employee
person_900,Person 900,45,NYC,Engineering,140000,Person;Employee
person_901,Person 901,46,SF,Marketing,140100,Person;Employee
person_902,Person 902,47,LA,Sales,140200,Person;Employee
person_903,Person 903,48,Chicago,HR,140300,Person;Employee
person_904,Person 904,49,Boston,Finance,140400,Person;Employee
person_905,Person 905,50,Seattle,Engineering,140500,Person;Employee
person_906,Person 906,51,NYC,Marketing,140600,Person;Employee
person_907,Person 907,52,SF,Sales,140700,Person;Employee
person_908,Person 908,53,LA,HR,140800,Person;Employee
person_909,Person 909,54,Chicago,Finance,140900,Person;Employee
person_910,Person 910,55,Boston,Engineering,141000,Person;Employee
person_911,Person 911,56,Seattle,Marketing,141100,Person;Employee
person_912,Person 912,57,NYC,Sales,141200,Person;Employee
person_913,Person 913,58,SF,HR,141300,Person;Employee
person_914,Person 914,59,LA,Finance,141400,Person;Employee
person_915,Person 915,60,Chicago,Engineering,141500,Person;Employee
person_916,Person 916,61,Boston,Marketing,141600,Person;Employee
person_917,Person 917,62,Seattle,Sales,141700,Person;Employee
person_918,Person 918,63,NYC,HR,141800,Person;Employee
person_919,Person 919,64,SF,Finance,141900,Person;Employee
person_920,Person 920,25,LA,Engineering,142000,Person;Employee
person_921,Person 921,26,Chicago,Marketing,142100,Person;Employee
person_922,Person 922,27,Boston,Sales,142200,Person;Employee
person_923,Person 923,28,Seattle,HR,142300,Person;Employee
person_924,Person 924,29,NYC,Finance,142400,Person;Employee
person_925,Person 925,30,SF,Engineering,142500,Person;Employee
person_926,Person 926,31,LA,Marketing,142600,Person;Employee
person_927,Person 927,32,Chicago,Sales,142700,Person;Employee
person_928,Person 928,33,Boston,HR,142800,Person;Employee
person_929,Person 929,34,Seattle,Finance,142900,Person;Employee
person_930,Person 930,35,NYC,Engineering,143000,Person;Employee
person_931,Person 931,36,SF,Marketing,143100,Person;Employee
person_932,Person 932,37,LA,Sales,143200,Person;Employee
person_933,Person 933,38,Chicago,HR,143300,Person;Employee
person_934,Person 934,39,Boston,Finance,143400,Person;Employee
person_935,Person 935,40,Seattle,Engineering,143500,Person;Employee
person_936,Person 936,41,NYC,Marketing,143600,Person;Employee
person_937,Person 937,42,SF,Sales,143700,Person;Employee
person_938,Person 938,43,LA,HR,143800,Person;Employee
person_939,Person 939,44,Chicago,Finance,143900,Person;Employee
person_940,Person 940,45,Boston,Engineering,144000,Person;Employee
person_941,Person 941,46,Seattle,Marketing,144100,Person;Employee
person_942,Person 942,47,NYC,Sales,144200,Person;Employee
person_943,Person 943,48,SF,HR,144300,Person;Employee
person_944,Person 944,49,LA,Finance,144400,Person;Employee
person_945,Person 945,50,Chicago,Engineering,144500,Person;Employee
person_946,Person 946,51,Boston,Marketing,144600,Person;Employee
person_947,Person 947,52,Seattle,Sales,144700,Person;Employee
person_948,Person 948,53,NYC,HR,144800,Person;Employee
person_949,Person 949,54,SF,Finance,144900,Person;Employee
person_950,Person 950,55,LA,Engineering,145000,Person;Employee
person_951,Person 951,56,Chicago,Marketing,145100,Person;Employee
person_952,Person 952,57,Boston,Sales,145200,Person;Employee
person_953,Person 953,58,Seattle,HR,145300,Person;Employee
person_954,Person 954,59,NYC,Finance,145400,Person;Employee
person_955,Person 955,60,SF,Engineering,145500,Person;Employee
person_956,Person 956,61,LA,Marketing,145600,Person;Employee
person_957,Person 957,62,Chicago,Sales,145700,Person;Employee
person_958,Person 958,63,Boston,HR,145800,Person;Employee
person_959,Person 959,64,Seattle,Finance,145900,Person;Employee
person_960,Person 960,25,NYC,Engineering,146000,Person;Employee
person_961,Person 961,26,SF,Marketing,146100,Person;Employee
person_962,Person 962,27,LA,Sales,146200,Person;Employee
person_963,Person 963,28,Chicago,HR,146300,Person;Employee
person_964,Person 964,29,Boston,Finance,146400,Person;Employee
person_965,Person 965,30,Seattle,Engineering,146500,Person;Employee
person_966,Person 966,31,NYC,Marketing,146600,Person;Employee
person_967,Person 967,32,SF,Sales,146700,Person;Employee
person_968,Person 968,33,LA,HR,146800,Person;Employee
person_969,Person 969,34,Chicago,Finance,146900,Person;Employee
person_970,Person 970,35,Boston,Engineering,147000,Person;Employee
person_971,Person 971,36,Seattle,Marketing,147100,Person;Employee
person_972,Person 972,37,NYC,Sales,147200,Person;Employee
person_973,Person 973,38,SF,HR,147300,Person;Employee
person_974,Person 974,39,LA,Finance,147400,Person;Employee
person_975,Person 975,40,Chicago,Engineering,147500,Person;Employee
person_976,Person 976,41,Boston,Marketing,147600,Person;Employee
person_977,Person 977,42,Seattle,Sales,147700,Person;Employee
person_978,Person 978,43,NYC,HR,147800,Person;Employee
person_979,Person 979,44,SF,Finance,147900,Person;Employee
person_980,Person 980,45,LA,Engineering,148000,Person;Employee
person_981,Person 981,46,Chicago,Marketing,148100,Person;Employee
person_982,Person 982,47,Boston,Sales,148200,Person;Employee
person_983,Person 983,48,Seattle,HR,148300,Person;Employee
person_984,Person 984,49,NYC,Finance,148400,Person;Employee
person_985,Person 985,50,SF,Engineering,148500,Person;Employee
person_986,Person 986,51,LA,Marketing,148600,Person;Employee
person_987,Person 987,52,Chicago,Sales,148700,Person;Employee
person_988,Person 988,53,Boston,HR,148800,Person;Employee
person_989,Person 989,54,Seattle,Finance,148900,Person;Employee
person_990,Person 990,55,NYC,Engineering,149000,Person;Employee
person_991,Person 991,56,SF,Marketing,149100,Person;Employee
person_992,Person 992,57,LA,Sales,149200,Person;Employee
person_993,Person 993,58,Chicago,HR,149300,Person;Employee
person_994,Person 994,59,Boston,Finance,149400,Person;Employee
person_995,Person 995,60,Seattle,Engineering,149500,Person;Employee
person_996,Person 996,61,NYC,Marketing,149600,Person;Employee
person_997,Person 997,62,SF,Sales,149700,Person;Employee
person_998,Person 998,63,LA,HR,149800,Person;Employee
person_999,Person 999,64,Chicago,Finance,149900,Person;Employee
